Município,Área colhida (Hectares),Valor da produção (Mil Reais)
São José do Rio Preto,1148029,11883304
Jales,75828,851373
Aparecida d'Oeste,1446,15146
Aspásia,1002,12188
Dirce Reis,2025,21723
Dolcinópolis,3003,36516
Jales,5971,75879
Marinópolis,560,5101
Mesópolis,7323,75771
Nova Canaã Paulista,1708,16209
Palmeira d'Oeste,575,5763
Paranapuã,6362,94419
Pontalinda,7200,94049
Populina,11640,123620
Rubinéia,3222,30098
Santa Albertina,7154,77353
Santa Clara d'Oeste,322,2343
Santa Fé do Sul,309,2740
Santa Rita d'Oeste,6630,65283
Santa Salete,231,2729
Santana da Ponte Pensa,1983,17124
São Francisco,1480,17608
Três Fronteiras,1747,15960
Urânia,3435,38987
Vitória Brasil,500,4762
Fernandópolis,79762,621338
Estrela d'Oeste,9310,71648
Fernandópolis,17800,141639
Guarani d'Oeste,2152,16214
Indiaporã,6600,56783
Macedônia,6560,51715
Meridiano,8900,70219
Mira Estrela,1060,7764
Ouroeste,11050,65171
Pedranópolis,6670,55399
São João das Duas Pontes,4280,34154
Turmalina,5380,50632
Votuporanga,111475,1108699
Álvares Florence,10643,100609
Américo de Campos,8945,87224
Cardoso,21120,208250
Cosmorama,18140,168174
Parisi,1251,13687
Pontes Gestal,9932,92593
Riolândia,27044,305383
Valentim Gentil,4187,36862
Votuporanga,10213,95919
São José do Rio Preto,466240,4969160
Adolfo,8088,109150
Altair,16624,183130
Bady Bassitt,4595,49862
Bálsamo,6420,69495
Cedral,6774,72416
Guapiaçu,14375,158393
Guaraci,40637,419328
Ibirá,14845,163951
Icém,10708,112328
Ipiguá,3012,35210
Jaci,7788,82172
José Bonifácio,39347,361102
Mendonça,9046,119790
Mirassol,7518,78703
Mirassolândia,3131,27433
Nova Aliança,10540,114537
Nova Granada,20009,217640
Olímpia,45288,434563
Onda Verde,10601,112913
Orindiúva,15325,162687
Palestina,31971,349814
Paulo de Faria,37496,438139
Planalto,14617,148677
Potirendaba,15960,173556
São José do Rio Preto,4475,55271
Tanabi,27975,299622
Ubarana,13485,146079
Uchoa,14890,144004
Zacarias,10700,129208
Catanduva,140581,1453240
Ariranha,9080,75306
Cajobi,8813,105656
Catanduva,15983,157709
Catiguá,9022,101056
Elisiário,6173,58857
Embaúba,6121,48864
Novais,5676,53542
Palmares Paulista,8562,92423
Paraíso,9805,92729
Pindorama,10115,94545
Santa Adélia,23833,267329
Severínia,7700,73232
Tabapuã,19698,231990
Auriflama,72603,656818
Auriflama,7690,70842
Floreal,4440,49816
Gastão Vidigal,6371,54495
General Salgado,15160,134494
Guzolândia,4155,32765
Magda,16030,159761
Nova Castilho,8950,74985
Nova Luzitânia,2937,19644
São João de Iracema,6870,60016
Nhandeara,73974,812632
Macaubal,6807,84422
Monções,2940,24363
Monte Aprazível,16574,196790
Neves Paulista,9212,106089
Nhandeara,13654,131689
Nipoã,5752,53333
Poloni,6555,84680
Sebastianópolis do Sul,7450,79851
União Paulista,5030,51417
Novo Horizonte,127566,1410049
Irapuã,13686,159753
Itajobi,27414,320248
Marapoama,6612,77578
Novo Horizonte,45922,423001
Sales,14952,206967
Urupês,18980,222504
Ribeirão Preto,1658282,15284853
Barretos,162495,1699513
Barretos,93022,985558
Colina,28110,293131
Colômbia,41363,420825
São Joaquim da Barra,453930,4282383
Guaíra,111360,1124806
Ipuã,41015,376904
Jaborandi,21370,205653
Miguelópolis,70315,869799
Morro Agudo,107322,862397
Nuporanga,28794,236337
Orlândia,20500,167016
Sales Oliveira,24700,209734
São Joaquim da Barra,28554,229735
Ituverava,142299,1178326
Aramina,14336,121575
Buritizal,13945,110337
Guará,27848,226179
Igarapava,27435,224923
Ituverava,58735,495312
Franca,91527,1079404
Cristais Paulista,7000,79331
Franca,7757,78640
Itirapuã,1100,10065
Jeriquara,5751,67276
Patrocínio Paulista,20050,210427
Pedregulho,10071,125387
Restinga,10002,103830
Ribeirão Corrente,3150,30024
Rifaina,2377,21911
São José da Bela Vista,24269,352515
Jaboticabal,322898,3357485
Bebedouro,42624,403869
Cândido Rodrigues,2636,24871
Fernando Prestes,9705,69286
Guariba,25204,275605
Jaboticabal,70815,867747
Monte Alto,11540,186855
Monte Azul Paulista,13878,138787
Pirangi,12250,114813
Pitangueiras,32772,343250
Santa Ernestina,9880,66496
Taiaçu,8320,100797
Taiúva,8912,98683
Taquaral,2490,26329
Taquaritinga,33985,251860
Terra Roxa,16800,176353
Viradouro,16600,174411
Vista Alegre do Alto,4487,37479
Ribeirão Preto,364697,2854189
Barrinha,11033,121671
Brodowski,15144,86623
Cravinhos,22420,137804
Dumont,10107,112132
Guatapará,26394,161365
Jardinópolis,40507,282893
Luís Antônio,38100,275394
Pontal,28880,312644
Pradópolis,13621,144898
Ribeirão Preto,39524,258437
Santa Rita do Passa Quatro,19865,196326
Santa Rosa de Viterbo,14403,99371
São Simão,30192,175555
Serra Azul,16975,110988
Serrana,7792,48780
Sertãozinho,29740,329308
Batatais,120436,833549
Altinópolis,27910,196058
Batatais,51045,361855
Cajuru,24375,139660
Cássia dos Coqueiros,2479,13884
Santa Cruz da Esperança,7844,50867
Santo Antônio da Alegria,6783,71227
Araçatuba,701184,6029842
Andradina,248225,2112963
Andradina,42129,324294
Castilho,41335,295095
Guaraçaí,27002,236741
Ilha Solteira,20670,195011
Itapura,17397,159043
Mirandópolis,26072,207454
Murutinga do Sul,4600,35394
Nova Independência,11513,78692
Pereira Barreto,33390,340262
Sud Mennucci,11672,117721
Suzanápolis,12445,123255
Araçatuba,247326,1903291
Araçatuba,46262,327741
Bento de Abreu,17400,142139
Guararapes,53369,416687
Lavínia,24204,189366
Rubiácea,9161,77638
Santo Antônio do Aracanguá,37410,290608
Valparaíso,59520,459112
Birigui,205633,2013587
Alto Alegre,10473,103181
Avanhandava,16482,162706
Barbosa,4910,47257
Bilac,6872,77859
Birigui,39811,335222
Braúna,7516,82244
Brejo Alegre,9373,82903
Buritama,9912,125862
Clementina,6249,65557
Coroados,17297,195506
Gabriel Monteiro,4485,51519
Glicério,16961,141228
Lourdes,2236,14057
Luiziânia,5557,58254
Penápolis,30643,293733
Piacatu,5969,69157
Santópolis do Aguapeí,4691,45149
Turiúba,6196,62198
Bauru,920264,8883010
Lins,141465,1198163
Cafelândia,43521,330170
Getulina,23642,204178
Guaiçara,9890,73789
Guaimbê,4495,41510
Júlio Mesquita,830,14538
Lins,23642,177703
Promissão,24463,233447
Sabino,10982,122834
Bauru,186500,1763353
Agudos,9472,83736
Arealva,12086,110114
Areiópolis,7080,57186
Avaí,3010,49203
Balbinos,5256,47286
Bauru,3021,36265
Borebi,5608,43849
Cabrália Paulista,452,3796
Duartina,334,3414
Guarantã,14272,128822
Iacanga,27978,283592
Lençóis Paulista,42113,355576
Lucianópolis,1458,18683
Paulistânia,509,4140
Pirajuí,25576,244704
Piratininga,2365,22243
Pongaí,6160,68010
Presidente Alves,719,6915
Reginópolis,12149,125100
Ubirajara,1897,18167
Uru,4985,52556
Jaú,244842,2367503
Bariri,26981,252436
Barra Bonita,8841,86083
Bocaina,16745,161095
Boracéia,8193,79221
Dois Córregos,40499,390561
Igaraçu do Tietê,7319,70080
Itaju,10129,97932
Itapuí,9097,87287
Jaú,49992,481953
Macatuba,15517,153478
Mineiros do Tietê,12680,119965
Pederneiras,38849,387416
Avaré,244058,2725999
Águas de Santa Bárbara,23850,225076
Arandu,9510,103290
Avaré,43610,412241
Cerqueira César,33800,353165
Iaras,8732,89403
Itaí,58570,698216
Itatinga,10406,86179
Paranapanema,55580,758431
Botucatu,103399,827995
Anhembi,16050,134279
Bofete,705,11756
Botucatu,31545,273109
Conchas,4083,28751
Pardinho,4839,47100
Pratânia,7150,52614
São Manuel,39027,280387
Araraquara,473182,4525206
Araraquara,344412,3242864
Américo Brasiliense,8750,93014
Araraquara,45218,484556
Boa Esperança do Sul,37151,383443
Borborema,33745,335646
Dobrada,10765,71222
Gavião Peixoto,8957,93719
Ibitinga,37030,342240
Itápolis,58390,382070
Matão,24810,247485
Motuca,13016,142598
Nova Europa,9370,95387
Rincão,19050,192529
Santa Lúcia,14902,148856
Tabatinga,20653,203939
Trabiju,2605,26160
São Carlos,128770,1282345
Analândia,9640,110209
Descalvado,36658,432030
Dourado,5816,50372
Ibaté,15300,119303
Ribeirão Bonito,19175,156464
São Carlos,42181,413968
Piracicaba,355444,3547043
Rio Claro,74979,689567
Brotas,35334,342328
Corumbataí,5073,44409
Ipeúna,5279,48156
Itirapina,7292,60431
Rio Claro,12813,108437
Torrinha,9188,85808
Limeira,124227,1195121
Araras,41240,345826
Conchal,8420,92521
Cordeirópolis,9149,94190
Iracemápolis,7344,66853
Leme,23080,265437
Limeira,24260,231258
Santa Cruz da Conceição,5725,53043
Santa Gertrudes,5009,45993
Piracicaba,156238,1662353
Capivari,21840,247393
Charqueada,9653,106240
Jumirim,1250,12904
Mombuca,8147,93108
Piracicaba,51628,562115
Rafard,7251,83577
Rio das Pedras,15276,169761
Saltinho,3674,39968
Santa Maria da Serra,7622,88982
São Pedro,12574,137167
Tietê,17323,121138
Campinas,347136,4728466
Pirassununga,86723,1007622
Aguaí,19765,233604
Pirassununga,33642,380403
Porto Ferreira,15055,198222
Santa Cruz das Palmeiras,18261,195391
São João da Boa Vista,142680,2078170
Águas da Prata,680,6378
Caconde,1002,9372
Casa Branca,48810,850450
Divinolândia,920,74484
Espírito Santo do Pinhal,2783,31787
Itobi,5576,144099
Mococa,28862,301108
Santo Antônio do Jardim,500,3460
São João da Boa Vista,13428,136001
São José do Rio Pardo,5030,98237
São Sebastião da Grama,295,2712
Tambaú,18875,209726
Tapiratiba,4051,44868
Vargem Grande do Sul,11868,165489
Mogi Mirim,53414,726440
Artur Nogueira,6409,64954
Engenheiro Coelho,4914,64137
Estiva Gerbi,1250,20071
Itapira,5658,52405
Mogi Guaçu,18170,280768
Mogi Mirim,12585,196076
Santo Antônio de Posse,4428,48031
Campinas,53038,781919
Americana,240,2285
Campinas,2903,34574
Cosmópolis,6848,76974
Elias Fausto,8055,67057
Holambra,2077,24269
Indaiatuba,3933,37487
Jaguariúna,3004,32775
Monte Mor,8312,114209
Nova Odessa,493,2407
Paulínia,3571,45810
Pedreira,73,785
Santa Bárbara d'Oeste,11277,104490
Sumaré,2175,237694
Valinhos,36,379
Vinhedo,41,726
Amparo,11281,134315
Águas de Lindóia,56,785
Amparo,2901,27398
Lindóia,62,1410
Monte Alegre do Sul,224,2324
Pedra Bela,1677,23607
Pinhalzinho,1731,19876
Serra Negra,712,11117
Socorro,3918,47801
Presidente Prudente,702817,5614781
Dracena,107544,908506
Dracena,15671,132638
Junqueirópolis,26870,220073
Monte Castelo,8794,74534
Nova Guataporanga,982,8168
Ouro Verde,10337,90592
Panorama,10725,92135
Paulicéia,12543,107277
Santa Mercedes,7309,61671
São João do Pau d'Alho,5494,45294
Tupi Paulista,8819,76123
Adamantina,99311,922567
Adamantina,13616,114427
Flora Rica,5554,50230
Flórida Paulista,19507,173311
Inúbia Paulista,2630,23838
Irapuru,5149,44901
Lucélia,10321,82095
Mariápolis,1531,28445
Osvaldo Cruz,4795,41776
Pacaembu,6989,68433
Parapuã,12750,126390
Pracinha,900,10403
Rinópolis,5350,55417
Sagres,3899,34079
Salmourão,6320,68830
Presidente Prudente,495962,3783708
Alfredo Marcondes,470,7903
Álvares Machado,1895,34249
Anhumas,9868,83764
Caiabu,6625,43799
Caiuá,3729,35208
Emilianópolis,6101,56282
Estrela do Norte,5000,35557
Euclides da Cunha Paulista,6604,60782
Indiana,731,11511
João Ramalho,14563,91564
Marabá Paulista,18087,169406
Martinópolis,48190,386694
Mirante do Paranapanema,32595,289873
Narandiba,18473,117858
Piquerobi,6069,53225
Pirapozinho,12053,87355
Presidente Bernardes,7040,52032
Presidente Epitácio,16990,159344
Presidente Prudente,6248,52715
Presidente Venceslau,5729,67617
Rancharia,116328,760904
Regente Feijó,7930,69815
Ribeirão dos Índios,4059,32625
Rosana,10899,106048
Sandovalina,35942,236762
Santo Anastácio,9314,56873
Santo Expedito,1303,10670
Taciba,36155,207643
Tarabai,3555,25469
Teodoro Sampaio,43417,380160
Marília,154423,1707283
Tupã,82900,997902
Arco-Íris,6320,79443
Bastos,2050,17450
Herculândia,17510,212612
Iacri,14350,157638
Queiroz,4100,51212
Quintana,15950,195656
Tupã,22620,283895
Marília,71523,709381
Álvaro de Carvalho,410,2664
Alvinlândia,329,3772
Echaporã,13329,148966
Fernão,1572,10893
Gália,2474,21888
Garça,3522,34620
Lupércio,1742,15703
Marília,13455,123678
Ocauçu,5865,63425
Oriente,5500,67402
Oscar Bressane,3667,42548
Pompéia,19000,166728
Vera Cruz,658,7096
Assis,901040,7456209
Assis,602397,5078938
Assis,30005,281726
Borá,5992,54993
Campos Novos Paulista,36921,265213
Cândido Mota,71465,670309
Cruzália,19067,130678
Florínea,21846,204778
Ibirarema,27012,249109
Iepê,41771,288693
Lutécia,17840,157113
Maracaí,73344,578570
Nantes,21971,128095
Palmital,71309,671618
Paraguaçu Paulista,53295,516497
Pedrinhas Paulista,19290,174528
Platina,27190,218411
Quatá,29480,172480
Tarumã,34599,316127
Ourinhos,298643,2377269
Bernardino de Campos,10755,92914
Canitar,4950,36789
Chavantes,14145,136288
Espírito Santo do Turvo,5223,42891
Fartura,10200,75447
Ipaussu,18948,188034
Manduri,12295,119326
Óleo,13428,132006
Ourinhos,22254,211639
Piraju,19781,162326
Ribeirão do Sul,25459,180192
Salto Grande,23352,121677
Santa Cruz do Rio Pardo,70952,527235
São Pedro do Turvo,26361,212132
Sarutaiá,6050,46821
Taguaí,6060,38543
Tejupá,7360,43986
Timburi,1070,9031
Itapetininga,761037,9254915
Itapeva,507351,5608134
Barão de Antonina,5388,79040
Bom Sucesso de Itararé,189,5203
Buri,52115,448286
Coronel Macedo,23701,206213
Itaberá,87703,841106
Itapeva,189022,2402516
Itaporanga,24821,229581
Itararé,51194,557931
Nova Campina,1229,47221
Riversul,8074,74142
Taquarituba,42262,442633
Taquarivaí,21653,274263
Itapetininga,96638,1163121
Alambari,5040,53018
Angatuba,19932,249665
Campina do Monte Alegre,12247,134115
Guareí,6579,72645
Itapetininga,52840,653678
Tatuí,67907,817584
Boituva,7221,127844
Cerquilho,6332,68865
Cesário Lange,16851,195233
Laranjal Paulista,4764,41017
Pereiras,767,8365
Porangaba,982,10126
Quadra,9936,107234
Tatuí,21025,258584
Torre de Pedra,29,319
Capão Bonito,89141,1666077
Apiaí,8312,377876
Barra do Chapéu,1491,111789
Capão Bonito,49305,602138
Guapiara,15949,261892
Iporanga,339,2358
Itaoca,263,8106
Itapirapuã Paulista,184,1932
Ribeira,257,3270
Ribeirão Branco,7813,241714
Ribeirão Grande,5228,55006
Macro Metropolitana Paulista,110477,1331837
Piedade,51969,753924
Ibiúna,3876,78638
Piedade,2242,71161
Pilar do Sul,20921,242438
São Miguel Arcanjo,24900,361210
Tapiraí,30,480
Sorocaba,41158,388909
Alumínio,271,2550
Araçariguama,166,1307
Araçoiaba da Serra,3237,33812
Cabreúva,120,646
Capela do Alto,2952,34089
Iperó,1968,26291
Itu,2372,18985
Mairinque,734,6293
Porto Feliz,16200,133692
Salto,1835,13812
Salto de Pirapora,3785,33931
São Roque,1457,15366
Sarapuí,3799,45462
Sorocaba,1421,14924
Votorantim,841,7750
Jundiaí,2217,28189
Itupeva,1839,24742
Jundiaí,296,2784
Louveira,82,663
Bragança Paulista,15133,160817
Atibaia,2544,20946
Bom Jesus dos Perdões,39,716
Bragança Paulista,5210,60642
Itatiba,1432,9781
Jarinu,455,4086
Joanópolis,277,9149
Morungaba,1139,12911
Nazaré Paulista,405,2700
Piracaia,262,3219
Tuiuti,1925,21473
Vargem,1445,15192
Vale do Paraíba Paulista,21032,204521
Campos do Jordão,145,4928
Monteiro Lobato,15,144
Santo Antônio do Pinhal,35,4038
São Bento do Sapucaí,95,746
São José dos Campos,9365,92043
Caçapava,3440,37617
Igaratá,1,5
Jacareí,17,1167
Pindamonhangaba,3288,28195
Santa Branca,5,27
São José dos Campos,150,1350
Taubaté,1204,12407
Tremembé,1260,11275
Guaratinguetá,9271,88452
Aparecida,310,2888
Cachoeira Paulista,346,6751
Canas,400,3480
Cruzeiro,232,4654
Guaratinguetá,4265,36863
Lavrinhas,59,964
Lorena,271,2111
Piquete,10,31
Potim,1220,11126
Queluz,58,355
Roseira,2100,19227
Bananal,745,4258
Arapeí,99,543
Areias,127,748
Bananal,358,1880
São José do Barreiro,102,514
Silveiras,59,574
Paraibuna/Paraitinga,1481,14511
Cunha,830,5128
Jambeiro,74,557
Lagoinha,210,1371
Natividade da Serra,122,2783
Paraibuna,20,180
Redenção da Serra,23,928
São Luiz do Paraitinga,202,3565
Caraguatatuba,25,331
Caraguatatuba,11,255
São Sebastião,4,46
Ubatuba,10,31
Litoral Sul Paulista,4390,34519
Registro,4300,32291
Barra do Turvo,295,769
Cajati,164,2236
Cananéia,135,2680
Eldorado,133,499
Iguape,2242,15417
Jacupiranga,68,342
Juquiá,82,864
Miracatu,20,272
Pariquera-Açu,210,2544
Registro,586,3468
Sete Barras,365,3203
Itanhaém,90,2228
Itanhaém,15,417
Itariri,45,641
Pedro de Toledo,20,750
Peruíbe,10,420
Metropolitana de São Paulo,595,43070
Franco da Rocha,21,102
Caieiras,1,-
Franco da Rocha,20,102
Guarulhos,11,133
Santa Isabel,11,133
Itapecerica da Serra,7,283
Embu-Guaçu,7,283
São Paulo,80,3240
São Paulo,80,3240
Mogi das Cruzes,476,39311
Biritiba Mirim,38,1592
Guararema,151,9451
Mogi das Cruzes,264,26080
Salesópolis,18,2137
Suzano,5,51
Minas Gerais,1170040,32968962
Noroeste de Minas,22207,1033823
Unaí,7304,386244
Arinos,14,969
Bonfinópolis de Minas,735,49864
Buritis,1159,61597
Cabeceira Grande,13,390
Dom Bosco,91,1293
Formoso,1355,69780
Natalândia,3,41
Unaí,3924,202119
Uruana de Minas,10,193
Paracatu,14903,647581
Brasilândia de Minas,9,233
Guarda-Mor,439,16601
João Pinheiro,4085,181797
Lagamar,410,20992
Lagoa Grande,237,16624
Paracatu,1624,78267
Presidente Olegário,5131,200637
São Gonçalo do Abaeté,670,16724
Varjão de Minas,2298,115711
Vazante,...,...
Norte de Minas,38200,1818227
Januária,4971,207263
Bonito de Minas,4,42
Chapada Gaúcha,2,32
Cônego Marinho,...,...
Icaraí de Minas,10,172
Itacarambi,248,11897
Januária,41,924
Juvenília,...,...
Manga,327,15981
Matias Cardoso,2944,117547
Miravânia,...,...
Montalvânia,355,12228
Pedras de Maria da Cruz,208,7497
Pintópolis,2,54
São Francisco,282,19597
São João das Missões,3,59
Urucuia,545,21233
Janaúba,16616,706498
Catuti,...,...
Espinosa,200,8894
Gameleiras,4,107
Jaíba,11171,468416
Janaúba,2444,116824
Mamonas,...,...
Mato Verde,5,81
Monte Azul,27,457
Nova Porteirinha,2507,104820
Pai Pedro,3,108
Porteirinha,242,6296
Riacho dos Machados,4,67
Serranópolis de Minas,9,430
Salinas,5790,306877
Águas Vermelhas,852,50954
Berizal,321,23173
Curral de Dentro,65,3040
Divisa Alegre,45,880
Fruta de Leite,18,222
Indaiabira,503,21337
Montezuma,4,63
Ninheira,1675,101751
Novorizonte,59,1085
Rio Pardo de Minas,719,33771
Rubelita,18,252
Salinas,118,2174
Santa Cruz de Salinas,12,163
Santo Antônio do Retiro,252,5593
São João do Paraíso,318,17104
Taiobeiras,597,36972
Vargem Grande do Rio Pardo,214,8349
Pirapora,6677,416263
Buritizeiro,1225,75295
Ibiaí,151,7918
Jequitaí,124,7437
Lagoa dos Patos,...,...
Lassance,851,64341
Pirapora,2189,140845
Riachinho,405,20328
Santa Fé de Minas,...,...
São Romão,...,...
Várzea da Palma,1732,100103
Montes Claros,3383,150566
Brasília de Minas,4,194
Campo Azul,...,...
Capitão Enéas,677,46990
Claro dos Poções,139,6133
Coração de Jesus,53,917
Francisco Sá,325,11756
Glaucilândia,37,1672
Ibiracatu,...,...
Japonvar,6,108
Juramento,1,39
Lontra,...,...
Luislândia,3,34
Mirabela,-,-
Montes Claros,658,28926
Patis,45,1863
Ponto Chique,5,46
São João da Lagoa,21,204
São João da Ponte,40,2005
São João do Pacuí,3,37
Ubaí,2,22
Varzelândia,15,428
Verdelândia,1349,49201
Grão Mogol,303,7018
Botumirim,70,1452
Cristália,18,369
Grão Mogol,190,4830
Itacambira,10,156
Josenópolis,5,72
Padre Carvalho,10,140
Bocaiúva,460,23747
Bocaiúva,314,17216
Engenheiro Navarro,38,831
Francisco Dumont,107,5688
Guaraciama,...,...
Olhos-d'Água,1,14
Jequitinhonha,20063,664960
Diamantina,1684,69992
Couto de Magalhães de Minas,9,129
Datas,53,1423
Diamantina,587,33442
Felício dos Santos,661,24141
Gouveia,80,3164
Presidente Kubitschek,43,804
São Gonçalo do Rio Preto,56,2404
Senador Modestino Gonçalves,195,4487
Capelinha,13313,446716
Angelândia,3475,140480
Aricanduva,822,20391
Berilo,211,6087
Capelinha,6479,208307
Carbonita,43,588
Chapada do Norte,8,190
Francisco Badaró,8,190
Itamarandiba,612,23671
Jenipapo de Minas,4,70
José Gonçalves de Minas,209,6083
Leme do Prado,76,3808
Minas Novas,450,15102
Turmalina,786,19180
Veredinha,130,2575
Araçuaí,2286,67443
Araçuaí,421,23567
Caraí,525,11988
Coronel Murta,7,126
Itinga,117,4393
Novo Cruzeiro,860,20575
Padre Paraíso,203,2771
Ponto dos Volantes,147,3942
Virgem da Lapa,6,83
Pedra Azul,323,6708
Cachoeira de Pajeú,21,233
Comercinho,20,226
Itaobim,201,4943
Medina,27,330
Pedra Azul,54,976
Almenara,2457,74106
Almenara,192,2892
Bandeira,75,1697
Divisópolis,909,23231
Felisburgo,25,456
Jacinto,9,119
Jequitinhonha,501,23709
Joaíma,75,1488
Jordânia,35,548
Mata Verde,573,19026
Monte Formoso,32,407
Palmópolis,7,88
Rio do Prado,...,...
Rubim,3,54
Salto da Divisa,12,286
Santa Maria do Salto,4,49
Santo Antônio do Jacinto,5,57
Vale do Mucuri,3412,73583
Teófilo Otoni,3301,71790
Ataléia,141,3232
Catuji,145,2625
Franciscópolis,111,2637
Frei Gaspar,64,1600
Itaipé,492,9579
Ladainha,342,5142
Malacacheta,472,14366
Novo Oriente de Minas,36,619
Ouro Verde de Minas,152,4427
Pavão,7,97
Poté,138,1919
Setubinha,864,18702
Teófilo Otoni,337,6845
Nanuque,111,1792
Águas Formosas,18,258
Bertópolis,3,26
Carlos Chagas,11,118
Crisólita,8,155
Fronteira dos Vales,4,55
Machacalis,...,...
Nanuque,10,311
Santa Helena de Minas,51,712
Serra dos Aimorés,6,158
Umburatiba,...,...
Triângulo Mineiro/Alto Paranaíba,238434,6882721
Ituiutaba,1391,49180
Cachoeira Dourada,1,180
Capinópolis,22,1471
Gurinhatã,291,15792
Ipiaçu,1,5
Ituiutaba,913,28877
Santa Vitória,163,2856
Uberlândia,39456,1186145
Araguari,13445,528770
Araporã,36,1141
Canápolis,369,8495
Cascalho Rico,464,24763
Centralina,220,6438
Indianópolis,4200,147144
Monte Alegre de Minas,2759,56296
Prata,12292,223783
Tupaciguara,307,10319
Uberlândia,5364,178997
Patrocínio,90675,2505108
Abadia dos Dourados,192,7937
Coromandel,7977,205668
Cruzeiro da Fortaleza,1089,35173
Douradoquara,3,54
Estrela do Sul,2320,71467
Grupiara,14,394
Iraí de Minas,1152,56109
Monte Carmelo,16934,602636
Patrocínio,37170,726574
Romaria,7613,298090
Serra do Salitre,16211,501009
Patos de Minas,47954,1599780
Arapuá,755,17918
Carmo do Paranaíba,10893,326151
Guimarânia,4130,104847
Lagoa Formosa,1024,43064
Matutina,249,9624
Patos de Minas,8916,363596
Rio Paranaíba,13873,392909
Santa Rosa da Serra,3726,186579
São Gotardo,2158,75028
Tiros,2230,80067
Frutal,22085,391350
Campina Verde,1496,32149
Carneirinho,544,8904
Comendador Gomes,7409,166234
Fronteira,130,704
Frutal,6969,123516
Itapagipe,327,5685
Iturama,2957,24189
Limeira do Oeste,102,1269
Pirajuba,50,428
Planura,375,10001
São Francisco de Sales,784,9331
União de Minas,942,8941
Uberaba,2669,80107
Água Comprida,402,6417
Campo Florido,315,4326
Conceição das Alagoas,386,10475
Conquista,12,519
Delta,10,288
Uberaba,1517,57435
Veríssimo,27,651
Araxá,34204,1071051
Araxá,3464,77418
Campos Altos,9806,341033
Ibiá,7003,161857
Nova Ponte,571,31433
Pedrinópolis,397,16312
Perdizes,5700,174936
Pratinha,3720,132014
Sacramento,2804,113290
Santa Juliana,123,5490
Tapira,616,17271
Central Mineira,2029,73469
Três Marias,437,19335
Abaeté,86,4874
Biquinhas,283,13026
Cedro do Abaeté,...,...
Morada Nova de Minas,-,-
Paineiras,9,213
Pompéu,36,734
Três Marias,23,488
Curvelo,930,29305
Augusto de Lima,63,1398
Buenópolis,83,1690
Corinto,18,295
Curvelo,630,20848
Felixlândia,32,789
Inimutaba,24,996
Joaquim Felício,11,174
Monjolos,19,422
Morro da Garça,-,-
Presidente Juscelino,16,381
Santo Hipólito,34,2312
Bom Despacho,662,24831
Araújos,3,40
Bom Despacho,90,3386
Dores do Indaiá,...,...
Estrela do Indaiá,207,7793
Japaraíba,2,29
Lagoa da Prata,7,105
Leandro Ferreira,1,24
Luz,176,3713
Martinho Campos,5,188
Moema,1,30
Quartel Geral,170,9525
Serra da Saudade,...,...
Metropolitana de Belo Horizonte,11547,321682
Sete Lagoas,915,30605
Araçaí,16,517
Baldim,247,5022
Cachoeira da Prata,...,...
Caetanópolis,2,33
Capim Branco,2,61
Cordisburgo,46,1340
Fortuna de Minas,...,...
Funilândia,26,874
Inhaúma,8,204
Jaboticatubas,189,6573
Jequitibá,45,1235
Maravilhas,8,213
Matozinhos,...,...
Papagaios,6,130
Paraopeba,167,9735
Pequi,42,998
Prudente de Morais,...,...
Santana de Pirapama,89,3129
Santana do Riacho,3,41
Sete Lagoas,19,505
Conceição do Mato Dentro,392,6195
Alvorada de Minas,15,184
Conceição do Mato Dentro,61,1686
Congonhas do Norte,35,660
Dom Joaquim,14,161
Itambé do Mato Dentro,3,89
Morro do Pilar,-,-
Passabém,9,163
Rio Vermelho,82,777
Santo Antônio do Itambé,20,360
Santo Antônio do Rio Abaixo,2,27
São Sebastião do Rio Preto,1,23
Serra Azul de Minas,5,69
Serro,145,1996
Pará de Minas,163,4497
Florestal,10,350
Onça de Pitangui,43,2034
Pará de Minas,74,1145
Pitangui,10,286
São José da Varginha,26,682
Belo Horizonte,2172,55066
Belo Horizonte,...,...
Betim,18,359
Brumadinho,1243,30940
Caeté,308,6689
Confins,...,...
Contagem,1,26
Esmeraldas,60,2290
Ibirité,8,198
Igarapé,61,1236
Juatuba,85,2934
Lagoa Santa,37,1356
Mário Campos,4,74
Mateus Leme,103,3358
Nova Lima,11,197
Pedro Leopoldo,15,431
Raposos,3,80
Ribeirão das Neves,3,83
Rio Acima,2,24
Sabará,163,3283
Santa Luzia,21,601
São Joaquim de Bicas,19,758
São José da Lapa,2,47
Sarzedo,5,104
Vespasiano,...,...
Itabira,2572,91289
Alvinópolis,6,109
Barão de Cocais,53,827
Bela Vista de Minas,...,...
Bom Jesus do Amparo,107,3989
Catas Altas,22,747
Dionísio,26,583
Ferros,74,1451
Itabira,61,1453
João Monlevade,...,...
Nova Era,28,723
Nova União,1612,65767
Rio Piracicaba,12,204
Santa Bárbara,24,463
Santa Maria de Itabira,12,422
São Domingos do Prata,152,3174
São Gonçalo do Rio Abaixo,113,3233
São José do Goiabal,5,85
Taquaraçu de Minas,265,8060
Itaguara,4497,109743
Belo Vale,2920,65527
Bonfim,566,15459
Crucilândia,18,414
Itaguara,126,3335
Itatiaiuçu,19,501
Jeceaba,75,1876
Moeda,117,1886
Piedade dos Gerais,650,20611
Rio Manso,6,136
Ouro Preto,122,3177
Diogo de Vasconcelos,...,...
Itabirito,21,1008
Mariana,46,945
Ouro Preto,55,1225
Conselheiro Lafaiete,714,21112
Casa Grande,67,2838
Catas Altas da Noruega,52,843
Congonhas,27,520
Conselheiro Lafaiete,14,302
Cristiano Otoni,37,654
Desterro de Entre Rios,161,4670
Entre Rios de Minas,169,5890
Itaverava,19,353
Ouro Branco,48,1763
Queluzito,90,2431
Santana dos Montes,17,331
São Brás do Suaçuí,13,521
Vale do Rio Doce,72558,2000150
Guanhães,420,10358
Braúnas,17,322
Carmésia,...,...
Coluna,48,1628
Divinolândia de Minas,36,918
Dores de Guanhães,...,...
Gonzaga,20,297
Guanhães,24,495
Materlândia,1,12
Paulistas,11,300
Sabinópolis,43,1096
Santa Efigênia de Minas,10,170
São João Evangelista,23,800
Sardoá,36,696
Senhora do Porto,37,460
Virginópolis,114,3165
Peçanha,3282,66061
Água Boa,2546,47396
Cantagalo,25,597
Frei Lagonegro,163,1694
José Raydan,70,1283
Peçanha,184,8195
Santa Maria do Suaçuí,53,905
São José do Jacuri,54,1340
São Pedro do Suaçuí,23,552
São Sebastião do Maranhão,164,4099
Governador Valadares,1963,45019
Alpercata,16,314
Campanário,2,33
Capitão Andrade,1,11
Coroaci,121,3941
Divino das Laranjeiras,15,203
Engenheiro Caldas,29,842
Fernandes Tourinho,102,919
Frei Inocêncio,31,670
Galiléia,27,585
Governador Valadares,231,5232
Itambacuri,423,6595
Itanhomi,351,7554
Jampruca,1,11
Marilac,205,10745
Mathias Lobato,5,22
Nacip Raydan,5,107
Nova Módica,21,628
Pescador,...,...
São Geraldo da Piedade,172,2213
São Geraldo do Baixio,38,906
São José da Safira,1,54
São José do Divino,44,654
Sobrália,27,447
Tumiritinga,20,282
Virgolândia,75,2057
Mantena,8711,163652
Central de Minas,23,350
Itabirinha,336,6897
Mantena,2434,39561
Mendes Pimentel,26,597
Nova Belém,5483,110100
São Félix de Minas,28,633
São João do Manteninha,381,5516
Ipatinga,295,6003
Açucena,52,1201
Antônio Dias,67,1732
Belo Oriente,26,552
Coronel Fabriciano,20,501
Ipatinga,24,355
Jaguaraçu,...,...
Joanésia,5,57
Marliéria,19,324
Mesquita,23,411
Naque,15,205
Periquito,18,273
Santana do Paraíso,16,239
Timóteo,10,158
Caratinga,36700,1069614
Bom Jesus do Galho,1318,21137
Bugre,64,1291
Caratinga,9483,311994
Córrego Novo,55,1401
Dom Cavati,63,1198
Entre Folhas,394,9534
Iapu,402,13211
Imbé de Minas,3670,106093
Inhapim,4101,143585
Ipaba,18,404
Piedade de Caratinga,3507,111037
Pingo-d'Água,2,36
Santa Bárbara do Leste,3295,73557
Santa Rita de Minas,2256,46831
São Domingos das Dores,2638,66716
São João do Oriente,15,345
São Sebastião do Anta,2350,85172
Tarumirim,74,1156
Ubaporanga,2927,72731
Vargem Alegre,68,2191
Aimorés,21187,639449
Aimorés,1536,55181
Alvarenga,718,13124
Conceição de Ipanema,912,26770
Conselheiro Pena,3719,131587
Cuparaque,342,6555
Goiabeira,4,63
Ipanema,343,7704
Itueta,703,15087
Mutum,7107,202899
Pocrane,570,21488
Resplendor,235,6263
Santa Rita do Itueto,4863,148889
Taparuba,135,3843
Oeste de Minas,78473,2131074
Piuí,29048,782362
Bambuí,3220,99294
Córrego Danta,1206,36325
Doresópolis,250,6751
Iguatama,3,121
Medeiros,3508,110748
Piumhi,11418,281472
São Roque de Minas,5584,149035
Tapiraí,1519,40756
Vargem Bonita,2340,57861
Divinópolis,573,15614
Carmo do Cajuru,38,1450
Cláudio,414,11253
Conceição do Pará,3,64
Divinópolis,37,1318
Igaratinga,...,...
Itaúna,11,248
Nova Serrana,-,-
Perdigão,3,38
Santo Antônio do Monte,52,1006
São Gonçalo do Pará,2,31
São Sebastião do Oeste,13,212
Formiga,8122,249894
Arcos,5,216
Camacho,2282,64554
Córrego Fundo,257,5676
Formiga,2938,109346
Itapecerica,456,10034
Pains,11,326
Pedra do Indaiá,13,184
Pimenta,2160,59558
Campo Belo,18740,438755
Aguanil,1397,44723
Campo Belo,2261,55586
Cana Verde,725,15266
Candeias,5770,121420
Cristais,5064,110998
Perdões,3023,77783
Santana do Jacaré,500,12983
Oliveira,21990,644445
Bom Sucesso,2943,86318
Carmo da Mata,871,27980
Carmópolis de Minas,187,6554
Ibituruna,581,14079
Oliveira,6866,216437
Passa Tempo,88,2538
Piracema,31,826
Santo Antônio do Amparo,7483,193728
São Francisco de Paula,2940,95984
Sul/Sudoeste de Minas,447554,11574220
Passos,46601,1431439
Alpinópolis,5668,168024
Bom Jesus da Penha,1955,65668
Capetinga,4565,133405
Capitólio,2097,44047
Cássia,4903,140482
Claraval,3615,95002
Delfinópolis,3109,146305
Fortaleza de Minas,1503,48959
Ibiraci,13384,380524
Itaú de Minas,9,264
Passos,2626,69530
Pratápolis,279,9147
São João Batista do Glória,276,6921
São José da Barra,2612,123164
São Sebastião do Paraíso,92601,2523079
Arceburgo,1556,30006
Cabo Verde,8868,247337
Guaranésia,3793,85367
Guaxupé,3996,94286
Itamogi,8414,227637
Jacuí,3281,72430
Juruaia,4927,151668
Monte Belo,4006,79056
Monte Santo de Minas,9465,285467
Muzambinho,6664,196936
Nova Resende,12361,379674
São Pedro da União,4195,123553
São Sebastião do Paraíso,12894,347486
São Tomás de Aquino,8181,202177
Alfenas,10044,193363
Alterosa,3881,87659
Areado,2673,50153
Carmo do Rio Claro,10906,362635
Carvalhópolis,1826,53984
Conceição da Aparecida,7800,244952
Divisa Nova,2039,53453
Fama,943,26812
Machado,12703,254633
Paraguaçu,8972,192213
Poço Fundo,9575,210715
Serrania,3303,80385
Varginha,122018,2959163
Boa Esperança,14358,287268
Campanha,6043,170835
Campo do Meio,2928,94986
Campos Gerais,16515,517639
Carmo da Cachoeira,8942,234625
Coqueiral,5009,123560
Elói Mendes,10228,230248
Guapé,8734,225896
Ilicínea,5772,127990
Monsenhor Paulo,4100,104642
Santana da Vargem,4359,88778
São Bento Abade,763,18268
São Tomé das Letras,1291,37617
Três Corações,9404,217933
Três Pontas,15917,318393
Varginha,7655,160487
Poços de Caldas,44627,1099370
Albertina,1500,44496
Andradas,6374,176585
Bandeira do Sul,293,6738
Botelhos,7212,136922
Caldas,1221,33568
Campestre,11301,239693
Ibitiúra de Minas,1320,37552
Inconfidentes,2461,94736
Jacutinga,3786,100498
Monte Sião,1746,43208
Ouro Fino,4035,99045
Poços de Caldas,3051,73274
Santa Rita de Caldas,327,13060
Pouso Alegre,5324,149856
Bom Repouso,36,1339
Borda da Mata,441,11055
Bueno Brandão,2128,62794
Camanducaia,45,743
Cambuí,52,1297
Congonhal,345,7707
Córrego do Bom Jesus,7,173
Espírito Santo do Dourado,716,19057
Estiva,69,4910
Extrema,17,370
Gonçalves,302,5285
Ipuiúna,9,172
Itapeva,15,220
Munhoz,16,480
Pouso Alegre,187,9112
Sapucaí-Mirim,70,800
Senador Amaral,26,586
Senador José Bento,470,12373
Tocos do Moji,370,11313
Toledo,3,84
Santa Rita do Sapucaí,34733,902422
Cachoeira de Minas,1076,33204
Careaçu,1179,29242
Conceição das Pedras,1894,52717
Conceição dos Ouros,319,8243
Cordislândia,1715,47287
Heliodora,2845,63227
Natércia,2533,73978
Pedralva,3839,100402
Santa Rita do Sapucaí,3827,91012
São Gonçalo do Sapucaí,9324,215977
São João da Mata,955,19508
São José do Alegre,298,7961
São Sebastião da Bela Vista,1100,33536
Silvianópolis,1854,35997
Turvolândia,1975,90134
São Lourenço,18925,491530
Alagoa,42,363
Baependi,931,20418
Cambuquira,2998,79122
Carmo de Minas,3496,81304
Caxambu,98,2891
Conceição do Rio Verde,3935,121237
Itamonte,2,116
Itanhandu,24,383
Jesuânia,1730,42202
Lambari,4214,103677
Olímpio Noronha,790,19155
Passa Quatro,47,2065
Pouso Alto,129,3599
São Lourenço,62,2235
São Sebastião do Rio Verde,5,109
Soledade de Minas,422,12657
Andrelândia,1342,38517
Aiuruoca,51,709
Andrelândia,549,18039
Arantina,3,116
Bocaina de Minas,6,30
Bom Jardim de Minas,2,43
Carvalhos,...,...
Cruzília,267,7202
Liberdade,...,...
Minduri,44,1116
Passa Vinte,2,15
São Vicente de Minas,399,11110
Seritinga,6,72
Serranos,13,65
Itajubá,6718,167892
Brazópolis,2035,48034
Consolação,24,274
Cristina,2117,51512
Delfim Moreira,61,1011
Dom Viçoso,387,9889
Itajubá,149,3124
Maria da Fé,307,5807
Marmelópolis,43,1851
Paraisópolis,249,6203
Piranguçu,438,8547
Piranguinho,504,13701
Virgínia,396,17854
Wenceslau Braz,8,90
Campo das Vertentes,24273,624483
Lavras,17625,391861
Carrancas,28,964
Ijaci,232,5507
Ingaí,541,15869
Itumirim,370,9291
Itutinga,120,4374
Lavras,5158,131833
Luminárias,2175,60791
Nepomuceno,8691,155071
Ribeirão Vermelho,310,8165
São João Del Rei,4678,142955
Conceição da Barra de Minas,240,6745
Coronel Xavier Chaves,302,8531
Dores de Campos,...,...
Lagoa Dourada,134,4004
Madre de Deus de Minas,214,8300
Nazareno,2123,57492
Piedade do Rio Grande,215,8733
Prados,11,650
Resende Costa,1,9
Ritápolis,225,8330
Santa Cruz de Minas,...,...
Santana do Garambéu,5,168
São João del Rei,722,24570
São Tiago,430,14010
Tiradentes,56,1419
Barbacena,1970,89666
Alfredo Vasconcelos,70,3886
Antônio Carlos,223,12726
Barbacena,513,33114
Barroso,9,176
Capela Nova,307,13286
Caranaíba,44,3133
Carandaí,74,3186
Desterro do Melo,144,4440
Ibertioga,2,45
Ressaquinha,40,2036
Santa Bárbara do Tugúrio,454,11986
Senhora dos Remédios,90,1658
Zona da Mata,211290,5770581
Ponte Nova,15854,400214
Acaiaca,10,185
Barra Longa,5,70
Dom Silvério,8,124
Guaraciaba,140,5043
Jequeri,3314,121237
Oratórios,11,276
Piedade de Ponte Nova,3,37
Ponte Nova,94,1914
Raul Soares,4716,79440
Rio Casca,7,167
Rio Doce,...,...
Santa Cruz do Escalvado,8,120
Santo Antônio do Grama,23,720
São Pedro dos Ferros,54,463
Sem-Peixe,38,560
Sericita,5103,144854
Urucânia,63,1383
Vermelho Novo,2257,43625
Manhuaçu,121446,3499549
Abre Campo,4117,101560
Alto Caparaó,2505,77307
Alto Jequitibá,5002,92445
Caparaó,5150,140039
Caputira,4530,132165
Chalé,2289,67305
Durandé,5200,160017
Lajinha,8318,241023
Luisburgo,6332,194546
Manhuaçu,22847,676602
Manhumirim,5231,148416
Martins Soares,3000,84870
Matipó,4314,110695
Pedra Bonita,3751,138220
Reduto,3380,87416
Santa Margarida,10310,292342
Santana do Manhuaçu,7230,184256
São João do Manhuaçu,6721,166483
São José do Mantimento,757,21940
Simonésia,10462,381908
Viçosa,19722,535422
Alto Rio Doce,66,1157
Amparo do Serra,387,13918
Araponga,4852,125772
Brás Pires,...,...
Cajuri,912,19357
Canaã,1187,32182
Cipotânea,42,1142
Coimbra,464,16822
Ervália,5603,140218
Lamim,25,1200
Paula Cândido,1414,48067
Pedra do Anta,249,7054
Piranga,174,5975
Porto Firme,542,14547
Presidente Bernardes,345,10541
Rio Espera,8,179
São Miguel do Anta,1618,49083
Senhora de Oliveira,200,6075
Teixeiras,720,21430
Viçosa,914,20707
Muriaé,47557,1150368
Antônio Prado de Minas,49,1164
Barão de Monte Alto,3,55
Caiana,3736,68753
Carangola,4515,96906
Divino,8437,187987
Espera Feliz,9569,236002
Eugenópolis,1715,62731
Faria Lemos,662,16144
Fervedouro,4531,133538
Miradouro,2470,48364
Miraí,418,9875
Muriaé,1063,21135
Orizânia,4167,126792
Patrocínio do Muriaé,5,82
Pedra Dourada,1209,29382
Rosário da Limeira,777,16139
São Francisco do Glória,1378,27857
São Sebastião da Vargem Alegre,868,18351
Tombos,1348,32588
Vieiras,637,16527
Ubá,3831,113006
Astolfo Dutra,216,6904
Divinésia,175,7646
Dores do Turvo,70,1701
Guarani,109,2728
Guidoval,172,3570
Guiricema,417,15697
Mercês,38,886
Piraúba,409,10425
Rio Pomba,50,1486
Rodeiro,76,1384
São Geraldo,478,13676
Senador Firmino,94,2926
Silveirânia,4,69
Tabuleiro,19,396
Tocantins,973,28883
Ubá,123,3209
Visconde do Rio Branco,408,11421
Juiz de Fora,1997,47593
Aracitaba,12,168
Belmiro Braga,18,409
Bias Fortes,3,84
Bicas,3,56
Chácara,6,161
Chiador,...,...
Coronel Pacheco,236,3794
Descoberto,24,1457
Ewbank da Câmara,...,...
Goianá,15,254
Guarará,31,781
Juiz de Fora,45,1218
Lima Duarte,4,192
Mar de Espanha,138,5033
Maripá de Minas,5,79
Matias Barbosa,20,476
Olaria,2,49
Oliveira Fortes,41,1286
Paiva,8,221
Pedro Teixeira,8,128
Pequeri,8,187
Piau,1128,25722
Rio Novo,25,767
Rio Preto,7,108
Rochedo de Minas,...,...
Santa Bárbara do Monte Verde,22,767
Santa Rita de Ibitipoca,...,...
Santa Rita de Jacutinga,19,841
Santana do Deserto,4,71
Santos Dumont,77,1531
São João Nepomuceno,74,1337
Senador Cortes,5,139
Simão Pereira,9,282
Cataguases,883,24428
Além Paraíba,4,72
Argirita,29,497
Cataguases,111,1234
Dona Euzébia,6,160
Estrela Dalva,71,2710
Itamarati de Minas,136,3144
Laranjal,11,179
Leopoldina,217,6227
Palma,132,4319
Pirapetinga,104,4121
Recreio,8,34
Santana de Cataguases,3,37
Santo Antônio do Aventureiro,40,1433
Volta Grande,11,266
Paraná,119310,3248206
Noroeste Paranaense,16987,465684
Paranavaí,12150,298035
Alto Paraná,2486,72369
Amaporã,1,6
Cruzeiro do Sul,776,13017
Diamante do Norte,58,683
Guairaçá,2177,45541
Inajá,37,266
Itaúna do Sul,31,129
Jardim Olinda,...,...
Loanda,153,3101
Marilena,59,291
Mirador,184,5944
Nova Aliança do Ivaí,141,4151
Nova Londrina,...,...
Paraíso do Norte,98,2558
Paranacity,627,5398
Paranapoema,390,2740
Paranavaí,3829,112209
Planaltina do Paraná,7,31
Porto Rico,2,39
Querência do Norte,17,111
Santa Cruz de Monte Castelo,8,48
Santa Isabel do Ivaí,16,214
Santa Mônica,11,115
Santo Antônio do Caiuá,...,...
São Carlos do Ivaí,241,12298
São João do Caiuá,516,13193
São Pedro do Paraná,119,1153
Tamboara,45,728
Terra Rica,121,1702
Umuarama,3170,97292
Alto Paraíso,8,84
Alto Piquiri,2,46
Altônia,881,25153
Brasilândia do Sul,1,38
Cafezal do Sul,14,268
Cruzeiro do Oeste,1228,49064
Douradina,23,762
Esperança Nova,28,922
Francisco Alves,10,286
Icaraíma,12,156
Iporã,85,1558
Ivaté,21,738
Maria Helena,131,2818
Mariluz,17,455
Nova Olímpia,5,81
Perobal,46,1290
Pérola,44,1141
São Jorge do Patrocínio,494,10275
Tapira,21,341
Umuarama,90,1780
Xambrê,9,40
Cianorte,1667,70360
Cianorte,448,13005
Cidade Gaúcha,239,14065
Guaporema,57,3303
Indianópolis,46,965
Japurá,91,2856
Jussara,15,490
Rondon,388,19953
São Manoel do Paraná,27,768
São Tomé,149,6703
Tapejara,145,6506
Tuneiras do Oeste,62,1748
Centro Ocidental Paranaense,736,15576
Goioerê,80,2336
Altamira do Paraná,7,240
Boa Esperança,2,22
Campina da Lagoa,6,248
Goioerê,4,103
Janiópolis,13,147
Juranda,7,80
Moreira Sales,22,870
Nova Cantu,4,104
Quarto Centenário,2,41
Rancho Alegre D'Oeste,...,...
Ubiratã,13,480
Campo Mourão,656,13240
Araruna,94,1165
Barbosa Ferraz,90,1491
Campo Mourão,23,685
Corumbataí do Sul,167,3580
Engenheiro Beltrão,26,497
Farol,1,17
Fênix,28,660
Iretama,47,931
Luiziana,7,141
Mamborê,1,11
Peabiru,24,446
Quinta do Sol,10,326
Roncador,76,1455
Terra Boa,62,1833
Norte Central Paranaense,15810,536926
Astorga,4011,127459
Ângulo,402,30044
Astorga,194,5414
Atalaia,849,18434
Cafeara,22,530
Centenário do Sul,57,2141
Colorado,83,787
Flórida,42,488
Guaraci,44,872
Iguaraçu,7,80
Itaguajé,73,576
Jaguapitã,103,2246
Lobato,2,40
Lupionópolis,9,237
Mandaguaçu,13,285
Munhoz de Melo,19,311
Nossa Senhora das Graças,2,48
Nova Esperança,1590,39072
Presidente Castelo Branco,256,21046
Santa Fé,138,2969
Santa Inês,3,64
Santo Inácio,3,60
Uniflor,100,1719
Porecatu,377,10791
Alvorada do Sul,72,1957
Bela Vista do Paraíso,62,1907
Florestópolis,11,196
Miraselva,33,804
Porecatu,42,839
Prado Ferreira,15,384
Primeiro de Maio,33,742
Sertanópolis,109,3961
Floraí,691,46709
Doutor Camargo,14,349
Floraí,472,33072
Floresta,1,47
Itambé,6,171
Ivatuba,3,51
Ourizona,33,1956
São Jorge do Ivaí,162,11063
Maringá,918,75342
Mandaguari,241,7754
Marialva,524,58207
Maringá,106,4527
Paiçandu,-,-
Sarandi,47,4853
Apucarana,3835,108949
Apucarana,1788,44802
Arapongas,302,7884
Califórnia,92,6149
Cambira,505,12286
Jandaia do Sul,372,11405
Marilândia do Sul,166,6331
Mauá da Serra,139,5695
Novo Itacolomi,429,14007
Sabáudia,42,393
Londrina,2706,73237
Cambé,424,10384
Ibiporã,195,4890
Londrina,1347,41644
Pitangueiras,164,3459
Rolândia,510,11358
Tamarana,66,1504
Faxinal,422,12716
Bom Sucesso,21,1027
Borrazópolis,131,2907
Cruzmaltina,64,2620
Faxinal,88,3349
Kaloré,6,87
Marumbi,51,1720
Rio Bom,61,1008
Ivaiporã,2850,81724
Arapuã,27,633
Ariranha do Ivaí,9,270
Cândido de Abreu,87,1927
Godoy Moreira,28,652
Grandes Rios,1155,25318
Ivaiporã,510,9871
Jardim Alegre,284,5335
Lidianópolis,311,11217
Lunardelli,113,2070
Manoel Ribas,21,530
Nova Tebas,72,2449
Rio Branco do Ivaí,-,-
Rosário do Ivaí,203,20575
São João do Ivaí,10,180
São Pedro do Ivaí,20,703
Norte Pioneiro Paranaense,27219,971432
Assaí,3355,106952
Assaí,494,17684
Jataizinho,98,4621
Nova Santa Bárbara,76,4045
Rancho Alegre,164,4669
Santa Cecília do Pavão,22,427
São Jerônimo da Serra,1333,32344
São Sebastião da Amoreira,371,14073
Uraí,797,29089
Cornélio Procópio,3929,107712
Abatiá,442,9692
Andirá,193,7126
Bandeirantes,113,9807
Congonhinhas,482,11272
Cornélio Procópio,453,10656
Itambaracá,23,823
Leópolis,21,729
Nova América da Colina,173,5449
Nova Fátima,327,7382
Ribeirão do Pinhal,520,11578
Santa Amélia,165,3612
Santa Mariana,880,22936
Santo Antônio do Paraíso,68,4499
Sertaneja,69,2154
Jacarezinho,2503,93139
Barra do Jacaré,12,515
Cambará,16,469
Jacarezinho,464,18879
Jundiaí do Sul,244,8876
Ribeirão Claro,906,32993
Santo Antônio da Platina,861,31406
Ibaiti,7701,271878
Conselheiro Mairinck,152,5769
Curiúva,196,4626
Figueira,210,4998
Ibaiti,2029,72579
Jaboti,880,33285
Japira,915,35173
Pinhalão,3132,110703
Sapopema,187,4743
Wenceslau Braz,9731,391752
Carlópolis,5953,252779
Guapirama,112,5377
Joaquim Távora,207,9751
Quatiguá,34,1307
Salto do Itararé,305,10996
Santana do Itararé,174,8438
São José da Boa Vista,160,11068
Siqueira Campos,929,32834
Tomazina,1716,53845
Wenceslau Braz,141,5357
Centro Oriental Paranaense,520,18689
Telêmaco Borba,140,6682
Imbaú,10,304
Ortigueira,22,622
Reserva,38,2746
Telêmaco Borba,5,140
Tibagi,23,1967
Ventania,42,904
Jaguariaíva,241,7000
Arapoti,171,5309
Jaguariaíva,8,138
Piraí do Sul,18,305
Sengés,44,1245
Ponta Grossa,139,5007
Carambeí,...,...
Castro,22,369
Palmeira,75,3998
Ponta Grossa,42,640
Oeste Paranaense,2796,94775
Toledo,607,23309
Assis Chateaubriand,33,1381
Diamante D´Oeste,48,1209
Entre Rios do Oeste,3,118
Formosa do Oeste,28,1499
Guaíra,18,902
Iracema do Oeste,22,876
Jesuítas,196,6437
Marechal Cândido Rondon,38,1662
Maripá,...,...
Mercedes,8,249
Nova Santa Rosa,6,410
Ouro Verde do Oeste,5,392
Palotina,11,776
Pato Bragado,1,70
Quatro Pontes,1,77
Santa Helena,28,1748
São José das Palmeiras,33,898
São Pedro do Iguaçu,16,673
Terra Roxa,95,2978
Toledo,13,786
Tupãssi,4,166
Cascavel,1580,53261
Anahy,81,3345
Boa Vista da Aparecida,58,2390
Braganey,58,2821
Cafelândia,26,900
Campo Bonito,52,1643
Capitão Leônidas Marques,71,4094
Cascavel,431,9855
Catanduvas,107,4676
Corbélia,49,1132
Diamante do Sul,2,36
Guaraniaçu,76,1672
Ibema,237,3706
Iguatu,40,1878
Lindoeste,70,4487
Nova Aurora,49,1453
Santa Lúcia,44,2702
Santa Tereza do Oeste,78,3879
Três Barras do Paraná,51,2594
Foz do Iguaçu,609,18205
Céu Azul,69,3810
Foz do Iguaçu,74,1798
Itaipulândia,73,1617
Matelândia,56,1627
Medianeira,42,1229
Missal,53,1778
Ramilândia,61,1475
Santa Terezinha de Itaipu,18,575
São Miguel do Iguaçu,67,1756
Serranópolis do Iguaçu,21,691
Vera Cruz do Oeste,75,1851
Sudoeste Paranaense,2560,97062
Capanema,692,29584
Ampére,67,3298
Bela Vista da Caroba,54,2690
Capanema,120,5020
Pérola d'Oeste,62,2386
Planalto,128,5821
Pranchita,56,2763
Realeza,138,4704
Santa Izabel do Oeste,67,2897
Francisco Beltrão,1324,52218
Barracão,87,3081
Boa Esperança do Iguaçu,34,1294
Bom Jesus do Sul,63,2287
Cruzeiro do Iguaçu,59,2069
Dois Vizinhos,76,2809
Enéas Marques,67,2563
Flor da Serra do Sul,55,2073
Francisco Beltrão,168,6548
Manfrinópolis,44,1671
Marmeleiro,63,2306
Nova Esperança do Sudoeste,37,1301
Nova Prata do Iguaçu,94,4508
Pinhal de São Bento,28,1231
Renascença,62,2285
Salgado Filho,113,4532
Salto do Lontra,78,3335
Santo Antônio do Sudoeste,78,3624
São Jorge d'Oeste,40,1531
Verê,78,3170
Pato Branco,544,15261
Bom Sucesso do Sul,32,616
Chopinzinho,140,4460
Coronel Vivida,54,1193
Itapejara d'Oeste,29,525
Mariópolis,98,4622
Pato Branco,79,1548
São João,40,1141
Saudade do Iguaçu,27,472
Sulina,20,285
Vitorino,25,401
Centro-Sul Paranaense,8539,202574
Pitanga,2995,30322
Boa Ventura de São Roque,357,4082
Laranjal,33,955
Mato Rico,35,871
Palmital,158,2431
Pitanga,1359,11154
Santa Maria do Oeste,1053,10828
Guarapuava,4800,135475
Campina do Simão,24,712
Candói,57,2096
Cantagalo,15,238
Espigão Alto do Iguaçu,9,565
Foz do Jordão,35,732
Goioxim,31,857
Guarapuava,2259,55998
Inácio Martins,19,244
Laranjeiras do Sul,11,281
Marquinho,2,36
Nova Laranjeiras,6,210
Pinhão,1219,38824
Porto Barreiro,4,289
Quedas do Iguaçu,18,480
Reserva do Iguaçu,344,6264
Rio Bonito do Iguaçu,15,576
Turvo,728,26905
Virmond,4,167
Palmas,744,36783
Clevelândia,55,828
Coronel Domingos Soares,205,3501
Honório Serpa,29,453
Mangueirinha,34,545
Palmas,421,31456
Sudeste Paranaense,26217,369253
Prudentópolis,3467,52207
Fernandes Pinheiro,136,1496
Guamiranga,198,2105
Imbituva,465,6998
Ipiranga,10,305
Ivaí,1306,13301
Prudentópolis,1199,25871
Teixeira Soares,153,2130
Irati,1819,27056
Irati,464,7589
Mallet,368,9782
Rebouças,465,6517
Rio Azul,522,3169
União da Vitória,12265,172001
Bituruna,3268,46135
Cruz Machado,5115,69257
General Carneiro,483,6536
Paula Freitas,1614,24032
Paulo Frontin,543,9076
Porto Vitória,504,6732
União da Vitória,738,10236
São Mateus do Sul,8666,117990
Antônio Olinto,40,1034
São João do Triunfo,765,8834
São Mateus do Sul,7861,108123
Metropolitana de Curitiba,17926,476241
Cerro Azul,7751,182389
Adrianópolis,132,3554
Cerro Azul,5780,152175
Doutor Ulysses,1839,26661
Lapa,408,23398
Lapa,348,18390
Porto Amazonas,60,5008
Curitiba,1695,61611
Almirante Tamandaré,47,3492
Araucária,139,7828
Balsa Nova,25,1270
Bocaiúva do Sul,57,2356
Campina Grande do Sul,60,1675
Campo Largo,189,7711
Campo Magro,5,221
Colombo,49,3891
Contenda,38,1897
Curitiba,...,...
Fazenda Rio Grande,13,1004
Itaperuçu,116,2933
Mandirituba,27,1829
Pinhais,...,...
Piraquara,13,477
Quatro Barras,14,439
Rio Branco do Sul,619,13408
São José dos Pinhais,277,11001
Tunas do Paraná,7,180
Paranaguá,7692,190773
Antonina,1019,20473
Guaraqueçaba,1766,37898
Guaratuba,3826,99872
Matinhos,5,170
Morretes,934,28671
Paranaguá,135,3482
Pontal do Paraná,7,208
Rio Negro,380,18070
Agudos do Sul,29,1293
Campo do Tenente,159,11043
Piên,24,975
Quitandinha,85,2263
Rio Negro,50,1830
Tijucas do Sul,33,667
