"id_municipio";"uf";"Cidade";"longitude";"latitude"
4732;"SP";"Adamantina";-51.073695;-21.682012
4733;"SP";"Adolfo";-49.645128;-21.232494
4734;"SP";"Aguaí";-46.973502;-22.057207
4739;"SP";"Agudos";-48.98632;-22.469433
4740;"SP";"Alambari";-47.897971;-23.550338
4741;"SP";"Alfredo Marcondes";-51.413956;-21.9527
4742;"SP";"Altair";-49.057073;-20.524207
4743;"SP";"Altinópolis";-47.3712;-21.021364
4744;"SP";"Alto Alegre";-50.16798;-21.581103
4745;"SP";"Alumínio";-47.254571;-23.530553
4749;"SP";"Alvinlândia";-49.762323;-22.443481
4750;"SP";"Americana";-47.333119;-22.73736
4753;"SP";"Amparo";-46.772022;-22.70879
4751;"SP";"Américo Brasiliense";-48.11467;-21.728771
4752;"SP";"Américo de Campos";-49.735904;-20.298476
4754;"SP";"Analândia";-47.661939;-22.128917
4755;"SP";"Andradina";-51.378568;-20.894761
4756;"SP";"Angatuba";-48.413872;-23.491733
4757;"SP";"Anhembi";-48.133595;-22.792959
4758;"SP";"Anhumas";-51.389542;-22.293414
4759;"SP";"Aparecida";-45.232496;-22.849509
4760;"SP";"Aparecida d`Oeste";-50.883506;-20.448734
4761;"SP";"Apiaí";-48.844271;-24.510819
4765;"SP";"Aramina";-47.787251;-20.088152
4766;"SP";"Arandu";-49.048661;-23.138559
4767;"SP";"Arapeí";-44.444127;-22.671744
4768;"SP";"Araraquara";-48.178014;-21.784511
4769;"SP";"Araras";-47.384235;-22.357238
4762;"SP";"Araçariguama";-47.060825;-23.436597
4763;"SP";"Araçatuba";-50.440106;-21.207648
4764;"SP";"Araçoiaba da Serra";-47.616605;-23.502901
4770;"SP";"Arco-Íris";-50.466018;-21.772797
4771;"SP";"Arealva";-48.913511;-22.031026
4772;"SP";"Areias";-44.69924;-22.578597
4773;"SP";"Areiópolis";-48.668052;-22.667216
4774;"SP";"Ariranha";-48.790418;-21.18716
4775;"SP";"Artur Nogueira";-47.172679;-22.572737
4776;"SP";"Arujá";-46.319983;-23.396476
4777;"SP";"Aspásia";-50.728046;-20.160028
4778;"SP";"Assis";-50.418307;-22.659957
4779;"SP";"Atibaia";-46.556262;-23.117059
4780;"SP";"Auriflama";-50.55719;-20.683621
4782;"SP";"Avanhandava";-49.950893;-21.458416
4783;"SP";"Avaré";-48.925052;-23.106732
4781;"SP";"Avaí";-49.335596;-22.151409
4784;"SP";"Bady Bassitt";-49.4385;-20.919689
4785;"SP";"Balbinos";-49.361906;-21.896293
4787;"SP";"Bananal";-44.328114;-22.681932
4789;"SP";"Barbosa";-49.951816;-21.265661
4790;"SP";"Bariri";-48.743828;-22.072955
4791;"SP";"Barra Bonita";-48.558349;-22.490859
4792;"SP";"Barra do Chapéu";-49.023784;-24.472203
4793;"SP";"Barra do Turvo";-48.50126;-24.759035
4794;"SP";"Barretos";-48.569832;-20.553146
4795;"SP";"Barrinha";-48.163614;-21.186374
4796;"SP";"Barueri";-46.879042;-23.505689
4788;"SP";"Barão de Antonina";-49.563366;-23.628419
4797;"SP";"Bastos";-50.735695;-21.920984
4798;"SP";"Batatais";-47.592149;-20.892867
4799;"SP";"Bauru";-49.087142;-22.324569
4800;"SP";"Bebedouro";-48.479083;-20.949077
4801;"SP";"Bento de Abreu";-50.813959;-21.268629
4802;"SP";"Bernardino de Campos";-49.467897;-23.016439
4803;"SP";"Bertioga";-46.139586;-23.848568
4804;"SP";"Bilac";-50.47464;-21.403962
4805;"SP";"Birigui";-50.343162;-21.291034
4806;"SP";"Biritiba-Mirim";-46.0407;-23.569774
4807;"SP";"Boa Esperança do Sul";-48.390622;-21.991832
4808;"SP";"Bocaina";-48.523044;-22.136538
4809;"SP";"Bofete";-48.258203;-23.105543
4810;"SP";"Boituva";-47.678574;-23.285531
4811;"SP";"Bom Jesus dos Perdões";-46.467474;-23.135579
4812;"SP";"Bom Sucesso de Itararé";-49.145104;-24.315511
4814;"SP";"Boracéia";-48.780751;-22.192645
4815;"SP";"Borborema";-49.074089;-21.621368
4816;"SP";"Borebi";-48.970749;-22.572763
4813;"SP";"Borá";-50.540919;-22.269627
4817;"SP";"Botucatu";-48.443706;-22.883697
4818;"SP";"Bragança Paulista";-46.54188;-22.952681
4819;"SP";"Braúna";-50.317489;-21.499039
4820;"SP";"Brejo Alegre";-50.186076;-21.165147
4821;"SP";"Brodowski";-47.657217;-20.984532
4822;"SP";"Brotas";-48.125115;-22.279476
4823;"SP";"Buri";-48.595811;-23.797689
4824;"SP";"Buritama";-50.147494;-21.066064
4825;"SP";"Buritizal";-47.709636;-20.191084
4786;"SP";"Bálsamo";-49.586487;-20.734843
4827;"SP";"Cabreúva";-47.136251;-23.30533
4826;"SP";"Cabrália Paulista";-49.339337;-22.45756
4829;"SP";"Cachoeira Paulista";-45.015384;-22.666498
4830;"SP";"Caconde";-46.643659;-21.527995
4831;"SP";"Cafelândia";-49.609213;-21.803112
4832;"SP";"Caiabu";-51.239408;-22.012719
4833;"SP";"Caieiras";-46.73974;-23.360729
4834;"SP";"Caiuá";-51.996918;-21.832164
4835;"SP";"Cajamar";-46.878146;-23.355014
4836;"SP";"Cajati";-48.122347;-24.73239
4837;"SP";"Cajobi";-48.806336;-20.877287
4838;"SP";"Cajuru";-47.303022;-21.274934
4839;"SP";"Campina do Monte Alegre";-48.4758;-23.58948
4840;"SP";"Campinas";-47.06595;-22.905346
4841;"SP";"Campo Limpo Paulista";-46.788919;-23.207791
4843;"SP";"Campos Novos Paulista";-49.998726;-22.601952
4842;"SP";"Campos do Jordão";-45.583337;-22.729618
4844;"SP";"Cananéia";-47.934074;-25.014428
4845;"SP";"Canas";-45.052117;-22.700344
4848;"SP";"Canitar";-49.783947;-23.004014
4850;"SP";"Capela do Alto";-47.738834;-23.468471
4851;"SP";"Capivari";-47.50715;-22.995144
4849;"SP";"Capão Bonito";-48.348222;-24.011265
4852;"SP";"Caraguatatuba";-45.412533;-23.612535
4853;"SP";"Carapicuíba";-46.840676;-23.523471
4854;"SP";"Cardoso";-49.918322;-20.080031
4855;"SP";"Casa Branca";-47.085245;-21.77081
4857;"SP";"Castilho";-51.488394;-20.868924
4858;"SP";"Catanduva";-48.977015;-21.131381
4859;"SP";"Catiguá";-49.06162;-21.051861
4828;"SP";"Caçapava";-45.707645;-23.099204
4860;"SP";"Cedral";-49.266426;-20.900949
4861;"SP";"Cerqueira César";-49.165524;-23.037999
4862;"SP";"Cerquilho";-47.745862;-23.166487
4863;"SP";"Cesário Lange";-47.954453;-23.226035
4864;"SP";"Charqueada";-47.775468;-22.50958
4865;"SP";"Chavantes";-49.709616;-23.036632
4866;"SP";"Clementina";-50.452476;-21.560447
4867;"SP";"Colina";-48.53867;-20.711443
4868;"SP";"Colômbia";-48.686468;-20.176771
4869;"SP";"Conchal";-47.172927;-22.337512
4870;"SP";"Conchas";-48.013391;-23.01543
4871;"SP";"Cordeirópolis";-47.451886;-22.477778
4872;"SP";"Coroados";-50.285937;-21.352082
4873;"SP";"Coronel Macedo";-49.309966;-23.626143
4874;"SP";"Corumbataí";-47.621451;-22.221334
4876;"SP";"Cosmorama";-49.782747;-20.475472
4875;"SP";"Cosmópolis";-47.192578;-22.641906
4877;"SP";"Cotia";-46.91902;-23.602177
4878;"SP";"Cravinhos";-47.732427;-21.337959
4879;"SP";"Cristais Paulista";-47.420915;-20.403569
4881;"SP";"Cruzeiro";-44.96896;-22.572764
4880;"SP";"Cruzália";-50.790909;-22.737309
4882;"SP";"Cubatão";-46.423968;-23.891121
4883;"SP";"Cunha";-44.957559;-23.0731
4856;"SP";"Cássia dos Coqueiros";-47.164327;-21.280082
4846;"SP";"Cândido Mota";-50.387326;-22.747093
4847;"SP";"Cândido Rodrigues";-48.632719;-21.327531
4884;"SP";"Descalvado";-47.618105;-21.900211
4885;"SP";"Diadema";-46.62052;-23.681347
4886;"SP";"Dirce Reis";-50.607335;-20.464207
4887;"SP";"Divinolândia";-46.736128;-21.663709
4888;"SP";"Dobrada";-48.393476;-21.515533
4889;"SP";"Dois Córregos";-48.381924;-22.367291
4890;"SP";"Dolcinópolis";-50.514898;-20.124047
4891;"SP";"Dourado";-48.317823;-22.104436
4892;"SP";"Dracena";-51.535034;-21.484311
4893;"SP";"Duartina";-49.408355;-22.414562
4894;"SP";"Dumont";-47.975622;-21.232401
4895;"SP";"Echaporã";-50.203787;-22.43256
4896;"SP";"Eldorado";-48.114085;-24.52809
4897;"SP";"Elias Fausto";-47.368153;-23.042822
4898;"SP";"Elisiário";-49.114594;-21.167754
4899;"SP";"Embaúba";-48.832452;-20.979595
4900;"SP";"Embu";-46.857854;-23.643717
4901;"SP";"Embu-Guaçu";-46.813593;-23.829717
4902;"SP";"Emilianópolis";-51.483168;-21.831436
4903;"SP";"Engenheiro Coelho";-47.211045;-22.483573
4904;"SP";"Espírito Santo do Pinhal";-46.74767;-22.190871
4905;"SP";"Espírito Santo do Turvo";-49.434119;-22.69254
4906;"SP";"Estiva Gerbi";-46.948111;-22.271314
4907;"SP";"Estrela d`Oeste";-50.404872;-20.28755
4908;"SP";"Estrela do Norte";-51.663203;-22.485935
4909;"SP";"Euclides da Cunha Paulista";-52.592779;-22.55452
4910;"SP";"Fartura";-49.512403;-23.391643
4912;"SP";"Fernando Prestes";-48.687384;-21.266061
4911;"SP";"Fernandópolis";-50.247115;-20.280556
4913;"SP";"Fernão";-49.518735;-22.36066
4914;"SP";"Ferraz de Vasconcelos";-46.37097;-23.541056
4915;"SP";"Flora Rica";-51.382107;-21.672738
4916;"SP";"Floreal";-50.151282;-20.675193
4918;"SP";"Florínia";-50.732976;-22.902483
4917;"SP";"Flórida Paulista";-51.172445;-21.612711
4919;"SP";"Franca";-47.403861;-20.53523
4920;"SP";"Francisco Morato";-46.744781;-23.279248
4921;"SP";"Franco da Rocha";-46.729011;-23.322882
4922;"SP";"Gabriel Monteiro";-50.557321;-21.52941
4924;"SP";"Garça";-49.654596;-22.212516
4925;"SP";"Gastão Vidigal";-50.191183;-20.794776
4926;"SP";"Gavião Peixoto";-48.49566;-21.836658
4927;"SP";"General Salgado";-50.36397;-20.648458
4928;"SP";"Getulina";-49.931205;-21.796117
4929;"SP";"Glicério";-50.212269;-21.381193
4931;"SP";"Guaimbê";-49.89861;-21.909072
4930;"SP";"Guaiçara";-49.801287;-21.619537
4934;"SP";"Guapiara";-48.529549;-24.18921
4933;"SP";"Guapiaçu";-49.217201;-20.795885
4937;"SP";"Guaraci";-48.939107;-20.49766
4938;"SP";"Guarani d`Oeste";-50.341123;-20.074646
4939;"SP";"Guarantã";-49.591351;-21.894195
4940;"SP";"Guararapes";-50.645338;-21.254431
4941;"SP";"Guararema";-46.036946;-23.411195
4942;"SP";"Guaratinguetá";-45.193788;-22.807534
4936;"SP";"Guaraçaí";-51.211854;-21.029173
4943;"SP";"Guareí";-48.183715;-23.371359
4944;"SP";"Guariba";-48.23158;-21.35938
4945;"SP";"Guarujá";-46.257959;-23.988798
4946;"SP";"Guarulhos";-46.533347;-23.453758
4935;"SP";"Guará";-47.823626;-20.430162
4947;"SP";"Guatapará";-48.035588;-21.494444
4932;"SP";"Guaíra";-48.31197;-20.319591
4948;"SP";"Guzolândia";-50.664505;-20.646679
4923;"SP";"Gália";-49.550356;-22.291846
4949;"SP";"Herculândia";-50.390734;-22.003802
4950;"SP";"Holambra";-47.048694;-22.640513
4951;"SP";"Hortolândia";-47.214259;-22.852854
4952;"SP";"Iacanga";-49.030959;-21.889646
4953;"SP";"Iacri";-50.693152;-21.857199
4954;"SP";"Iaras";-49.163377;-22.868199
4955;"SP";"Ibaté";-47.988211;-21.958358
4957;"SP";"Ibirarema";-50.073901;-22.818537
4956;"SP";"Ibirá";-49.244833;-21.083032
4958;"SP";"Ibitinga";-48.831903;-21.75623
4959;"SP";"Ibiúna";-47.223037;-23.65961
4960;"SP";"Icém";-49.191546;-20.339067
4961;"SP";"Iepê";-51.077881;-22.660165
4963;"SP";"Igarapava";-47.746576;-20.040687
4964;"SP";"Igaratá";-46.156985;-23.20366
4962;"SP";"Igaraçu do Tietê";-48.559672;-22.509044
4965;"SP";"Iguape";-47.553659;-24.699015
4967;"SP";"Ilha Comprida";-47.538275;-24.730743
4968;"SP";"Ilha Solteira";-51.342552;-20.432629
4966;"SP";"Ilhabela";-45.355226;-23.778533
4969;"SP";"Indaiatuba";-47.210093;-23.081591
4970;"SP";"Indiana";-51.255467;-22.173779
4971;"SP";"Indiaporã";-50.290856;-19.978952
4972;"SP";"Inúbia Paulista";-50.963268;-21.769471
4973;"SP";"Ipaussu";-49.627911;-23.05753
4974;"SP";"Iperó";-47.692717;-23.351296
4975;"SP";"Ipeúna";-47.715086;-22.435513
4976;"SP";"Ipiguá";-49.384161;-20.655734
4977;"SP";"Iporanga";-48.597119;-24.584718
4978;"SP";"Ipuã";-48.012881;-20.443785
4979;"SP";"Iracemápolis";-47.522963;-22.583234
4981;"SP";"Irapuru";-51.347171;-21.56839
4980;"SP";"Irapuã";-49.416398;-21.276832
4982;"SP";"Itaberá";-49.139987;-23.863827
4984;"SP";"Itajobi";-49.062863;-21.312294
4985;"SP";"Itaju";-48.811549;-21.985691
4986;"SP";"Itanhaém";-46.787986;-24.173633
4988;"SP";"Itapecerica da Serra";-46.857193;-23.716135
4989;"SP";"Itapetininga";-48.048326;-23.588607
4990;"SP";"Itapeva";-48.876433;-23.978823
4991;"SP";"Itapevi";-46.932747;-23.548774
4992;"SP";"Itapira";-46.822434;-22.435731
4993;"SP";"Itapirapuã Paulista";-49.166151;-24.572033
4995;"SP";"Itaporanga";-49.481854;-23.704273
4997;"SP";"Itapura";-51.506322;-20.641911
4996;"SP";"Itapuí";-48.719734;-22.232445
4998;"SP";"Itaquaquecetuba";-46.345724;-23.483481
4999;"SP";"Itararé";-49.335215;-24.108451
5000;"SP";"Itariri";-47.173619;-24.283404
5001;"SP";"Itatiba";-46.846353;-23.003497
5002;"SP";"Itatinga";-48.615712;-23.104707
4983;"SP";"Itaí";-49.092005;-23.42129
4987;"SP";"Itaóca";-48.841285;-24.639252
5003;"SP";"Itirapina";-47.816594;-22.256239
5004;"SP";"Itirapuã";-47.219446;-20.641585
5005;"SP";"Itobi";-46.9743;-21.730853
5006;"SP";"Itu";-47.292688;-23.254397
5007;"SP";"Itupeva";-47.059262;-23.152635
5008;"SP";"Ituverava";-47.790207;-20.335465
4994;"SP";"Itápolis";-48.81491;-21.594224
5009;"SP";"Jaborandi";-48.411167;-20.688422
5010;"SP";"Jaboticabal";-48.325223;-21.252037
5011;"SP";"Jacareí";-45.965814;-23.29829
5012;"SP";"Jaci";-49.579732;-20.880468
5013;"SP";"Jacupiranga";-48.006402;-24.696326
5014;"SP";"Jaguariúna";-46.985062;-22.70374
5015;"SP";"Jales";-50.549442;-20.267227
5016;"SP";"Jambeiro";-45.694214;-23.252217
5017;"SP";"Jandira";-46.902314;-23.527537
5018;"SP";"Jardinópolis";-47.760583;-21.017612
5019;"SP";"Jarinu";-46.728015;-23.103855
5020;"SP";"Jaú";-48.559193;-22.293585
5021;"SP";"Jeriquara";-47.591835;-20.311567
5022;"SP";"Joanópolis";-46.274118;-22.926999
5024;"SP";"José Bonifácio";-49.689233;-21.055062
5023;"SP";"João Ramalho";-50.769359;-22.247339
5026;"SP";"Jumirim";-47.786821;-23.088361
5027;"SP";"Jundiaí";-46.897358;-23.185218
5028;"SP";"Junqueirópolis";-51.434187;-21.510348
5030;"SP";"Juquitiba";-47.065332;-23.924381
5029;"SP";"Juquiá";-47.64264;-24.310084
5025;"SP";"Júlio Mesquita";-49.787294;-22.011174
5031;"SP";"Lagoinha";-45.194415;-23.084621
5032;"SP";"Laranjal Paulista";-47.837549;-23.050564
5034;"SP";"Lavrinhas";-44.902359;-22.570047
5033;"SP";"Lavínia";-51.041172;-21.163913
5035;"SP";"Leme";-47.384109;-22.180857
5036;"SP";"Lençóis Paulista";-48.803683;-22.602693
5037;"SP";"Limeira";-47.396987;-22.56605
5038;"SP";"Lindóia";-46.650035;-22.522562
5039;"SP";"Lins";-49.752555;-21.67182
5040;"SP";"Lorena";-45.11968;-22.73338
5041;"SP";"Lourdes";-50.226274;-20.966025
5042;"SP";"Louveira";-46.948369;-23.085572
5044;"SP";"Lucianópolis";-49.522002;-22.429418
5043;"SP";"Lucélia";-51.021511;-21.718203
5046;"SP";"Luiziânia";-50.329438;-21.673748
5047;"SP";"Lupércio";-49.818019;-22.41459
5048;"SP";"Lutécia";-50.394007;-22.338378
5045;"SP";"Luís Antônio";-47.700838;-21.550625
5049;"SP";"Macatuba";-48.710229;-22.50022
5050;"SP";"Macaubal";-49.968732;-20.802153
5051;"SP";"Macedônia";-50.197269;-20.144375
5052;"SP";"Magda";-50.230542;-20.644497
5053;"SP";"Mairinque";-47.184995;-23.539822
5054;"SP";"Mairiporã";-46.589695;-23.31713
5055;"SP";"Manduri";-49.320164;-23.005569
5056;"SP";"Marabá Paulista";-51.96167;-22.106766
5057;"SP";"Maracaí";-50.671288;-22.614921
5058;"SP";"Marapoama";-49.129968;-21.258719
5061;"SP";"Marinópolis";-50.825384;-20.4389
5059;"SP";"Mariápolis";-51.182434;-21.79592
5062;"SP";"Martinópolis";-51.170949;-22.146153
5060;"SP";"Marília";-49.95006;-22.217108
5063;"SP";"Matão";-48.363968;-21.602511
5064;"SP";"Mauá";-46.461263;-23.66767
5065;"SP";"Mendonça";-49.579059;-21.175724
5066;"SP";"Meridiano";-50.181055;-20.357874
5067;"SP";"Mesópolis";-50.632641;-19.968351
5068;"SP";"Miguelópolis";-48.030997;-20.179612
5069;"SP";"Mineiros do Tietê";-48.450998;-22.412007
5071;"SP";"Mira Estrela";-50.139039;-19.978925
5070;"SP";"Miracatu";-47.462458;-24.276639
5072;"SP";"Mirandópolis";-51.1035;-21.131345
5073;"SP";"Mirante do Paranapanema";-51.90835;-22.290427
5074;"SP";"Mirassol";-49.52061;-20.816874
5075;"SP";"Mirassolândia";-49.461726;-20.617859
5076;"SP";"Mococa";-47.002405;-21.464731
5078;"SP";"Mogi Guaçu";-46.9428;-22.367453
5079;"SP";"Mogi Mirim";-46.950514;-22.431878
5077;"SP";"Mogi das Cruzes";-46.18541;-23.52082
5080;"SP";"Mombuca";-47.558957;-22.928541
5082;"SP";"Mongaguá";-46.626526;-24.080901
5083;"SP";"Monte Alegre do Sul";-46.68098;-22.681699
5084;"SP";"Monte Alto";-48.497066;-21.265545
5085;"SP";"Monte Aprazível";-49.71842;-20.768015
5086;"SP";"Monte Azul Paulista";-48.638717;-20.90649
5087;"SP";"Monte Castelo";-51.567889;-21.298092
5089;"SP";"Monte Mor";-47.312182;-22.945043
5088;"SP";"Monteiro Lobato";-45.840661;-22.954413
5081;"SP";"Monções";-50.097537;-20.850949
5090;"SP";"Morro Agudo";-48.058084;-20.728828
5091;"SP";"Morungaba";-46.789601;-22.881071
5092;"SP";"Motuca";-48.153764;-21.510287
5093;"SP";"Murutinga do Sul";-51.277389;-20.990803
5094;"SP";"Nantes";-51.239977;-22.615559
5095;"SP";"Narandiba";-51.527357;-22.405737
5096;"SP";"Natividade da Serra";-45.446764;-23.370665
5097;"SP";"Nazaré Paulista";-46.398295;-23.174731
5098;"SP";"Neves Paulista";-49.635767;-20.842992
5099;"SP";"Nhandeara";-50.043596;-20.69455
5100;"SP";"Nipoã";-49.783278;-20.911397
5101;"SP";"Nova Aliança";-49.498642;-21.015649
5102;"SP";"Nova Campina";-48.902179;-24.122367
5103;"SP";"Nova Canaã Paulista";-50.948264;-20.383625
5104;"SP";"Nova Castilho";-50.347741;-20.761492
5105;"SP";"Nova Europa";-48.570468;-21.77647
5106;"SP";"Nova Granada";-49.312268;-20.532074
5107;"SP";"Nova Guataporanga";-51.644655;-21.331968
5108;"SP";"Nova Independência";-51.490531;-21.10263
5110;"SP";"Nova Luzitânia";-50.261683;-20.855967
5111;"SP";"Nova Odessa";-47.294059;-22.783186
5109;"SP";"Novais";-48.914091;-20.98928
5112;"SP";"Novo Horizonte";-49.223409;-21.465145
5113;"SP";"Nuporanga";-47.742942;-20.729619
5114;"SP";"Ocauçu";-49.922005;-22.437979
5116;"SP";"Olímpia";-48.910625;-20.736634
5117;"SP";"Onda Verde";-49.292925;-20.60423
5118;"SP";"Oriente";-50.097105;-22.154939
5119;"SP";"Orindiúva";-49.346395;-20.18607
5120;"SP";"Orlândia";-47.885205;-20.716925
5121;"SP";"Osasco";-46.791555;-23.53239
5122;"SP";"Oscar Bressane";-50.281118;-22.314874
5123;"SP";"Osvaldo Cruz";-50.879288;-21.796753
5124;"SP";"Ourinhos";-49.869702;-22.979695
5126;"SP";"Ouro Verde";-51.702398;-21.48715
5125;"SP";"Ouroeste";-50.376807;-20.006052
5127;"SP";"Pacaembu";-51.265366;-21.562661
5128;"SP";"Palestina";-49.430854;-20.390046
5129;"SP";"Palmares Paulista";-48.803656;-21.085369
5130;"SP";"Palmeira d`Oeste";-50.763199;-20.414776
5131;"SP";"Palmital";-50.217964;-22.785849
5132;"SP";"Panorama";-51.856185;-21.353973
5133;"SP";"Paraguaçu Paulista";-50.57316;-22.411369
5134;"SP";"Paraibuna";-45.663943;-23.387213
5136;"SP";"Paranapanema";-48.721435;-23.386196
5137;"SP";"Paranapuã";-50.588634;-20.104774
5138;"SP";"Parapuã";-50.794882;-21.779205
5135;"SP";"Paraíso";-48.776105;-21.015911
5139;"SP";"Pardinho";-48.367942;-23.084056
5140;"SP";"Pariquera-Açu";-47.874152;-24.714652
5141;"SP";"Parisi";-50.016277;-20.303397
5142;"SP";"Patrocínio Paulista";-47.280124;-20.638361
5143;"SP";"Paulicéia";-51.832098;-21.315262
5145;"SP";"Paulistânia";-49.400845;-22.576831
5146;"SP";"Paulo de Faria";-49.400013;-20.029612
5144;"SP";"Paulínia";-47.148776;-22.754178
5147;"SP";"Pederneiras";-48.778113;-22.351086
5148;"SP";"Pedra Bela";-46.44555;-22.790174
5149;"SP";"Pedranópolis";-50.112937;-20.247378
5150;"SP";"Pedregulho";-47.47745;-20.253468
5151;"SP";"Pedreira";-46.894846;-22.741347
5152;"SP";"Pedrinhas Paulista";-50.793287;-22.817378
5153;"SP";"Pedro de Toledo";-47.23537;-24.276391
5154;"SP";"Penápolis";-50.076855;-21.414765
5155;"SP";"Pereira Barreto";-51.112268;-20.636767
5156;"SP";"Pereiras";-47.972005;-23.08037
5157;"SP";"Peruíbe";-47.0012;-24.311974
5158;"SP";"Piacatu";-50.600343;-21.592142
5159;"SP";"Piedade";-47.425572;-23.713941
5160;"SP";"Pilar do Sul";-47.722151;-23.807716
5161;"SP";"Pindamonhangaba";-45.461264;-22.92463
5162;"SP";"Pindorama";-48.90861;-21.1853
5163;"SP";"Pinhalzinho";-46.589679;-22.781115
5164;"SP";"Piquerobi";-51.728164;-21.874671
5165;"SP";"Piquete";-45.186919;-22.606881
5166;"SP";"Piracaia";-46.359374;-23.052545
5167;"SP";"Piracicaba";-47.647612;-22.733801
5168;"SP";"Piraju";-49.380335;-23.198066
5169;"SP";"Pirajuí";-49.460777;-21.998986
5170;"SP";"Pirangi";-48.660733;-21.0886
5171;"SP";"Pirapora do Bom Jesus";-46.999103;-23.396487
5172;"SP";"Pirapozinho";-51.497635;-22.271125
5173;"SP";"Pirassununga";-47.425746;-21.995982
5174;"SP";"Piratininga";-49.133869;-22.41416
5175;"SP";"Pitangueiras";-48.220951;-21.013203
5176;"SP";"Planalto";-49.933034;-21.034249
5177;"SP";"Platina";-50.210422;-22.637142
5179;"SP";"Poloni";-49.825756;-20.782909
5180;"SP";"Pompéia";-50.175964;-22.10704
5181;"SP";"Pongaí";-49.360421;-21.73956
5182;"SP";"Pontal";-48.042261;-21.021565
5183;"SP";"Pontalinda";-50.525754;-20.439624
5184;"SP";"Pontes Gestal";-49.706355;-20.172692
5185;"SP";"Populina";-50.538035;-19.945297
5186;"SP";"Porangaba";-48.119464;-23.17615
5187;"SP";"Porto Feliz";-47.52512;-23.209318
5188;"SP";"Porto Ferreira";-47.487034;-21.849814
5189;"SP";"Potim";-45.255205;-22.834327
5190;"SP";"Potirendaba";-49.381509;-21.042789
5178;"SP";"Poá";-46.347292;-23.533285
5191;"SP";"Pracinha";-51.086791;-21.849563
5192;"SP";"Pradópolis";-48.067869;-21.362578
5193;"SP";"Praia Grande";-46.412057;-24.008378
5194;"SP";"Pratânia";-48.663618;-22.811183
5195;"SP";"Presidente Alves";-49.438133;-22.09991
5196;"SP";"Presidente Bernardes";-51.556507;-22.008198
5197;"SP";"Presidente Epitácio";-52.11114;-21.765074
5198;"SP";"Presidente Prudente";-51.392526;-22.120654
5199;"SP";"Presidente Venceslau";-51.844744;-21.873233
5200;"SP";"Promissão";-49.85989;-21.535572
5201;"SP";"Quadra";-48.054657;-23.299332
5202;"SP";"Quatá";-50.696605;-22.24559
5203;"SP";"Queiroz";-50.241461;-21.796865
5204;"SP";"Queluz";-44.778105;-22.531171
5205;"SP";"Quintana";-50.307028;-22.069172
5206;"SP";"Rafard";-47.531795;-23.010508
5207;"SP";"Rancharia";-50.893041;-22.22691
5208;"SP";"Redenção da Serra";-45.54222;-23.263763
5209;"SP";"Regente Feijó";-51.30545;-22.218131
5210;"SP";"Reginópolis";-49.226782;-21.891372
5211;"SP";"Registro";-47.844895;-24.497942
5212;"SP";"Restinga";-47.483254;-20.605593
5213;"SP";"Ribeira";-49.004409;-24.65171
5214;"SP";"Ribeirão Bonito";-48.182041;-22.068536
5215;"SP";"Ribeirão Branco";-48.763545;-24.22058
5216;"SP";"Ribeirão Corrente";-47.590394;-20.457872
5219;"SP";"Ribeirão Grande";-48.367931;-24.10114
5220;"SP";"Ribeirão Pires";-46.405805;-23.706669
5221;"SP";"Ribeirão Preto";-47.809875;-21.169923
5218;"SP";"Ribeirão do Sul";-49.933037;-22.789013
5217;"SP";"Ribeirão dos Índios";-51.610343;-21.838201
5222;"SP";"Rifaina";-47.429109;-20.080256
5223;"SP";"Rincão";-48.072838;-21.589429
5224;"SP";"Rinópolis";-50.723908;-21.728402
5225;"SP";"Rio Claro";-47.554632;-22.398378
5227;"SP";"Rio Grande da Serra";-46.397084;-23.743724
5226;"SP";"Rio das Pedras";-47.604657;-22.841723
5228;"SP";"Riolândia";-49.683582;-19.986789
5229;"SP";"Riversul";-49.428965;-23.829003
5230;"SP";"Rosana";-53.060296;-22.578173
5231;"SP";"Roseira";-45.306993;-22.893834
5233;"SP";"Rubinéia";-51.007034;-20.175906
5232;"SP";"Rubiácea";-50.729564;-21.300568
5234;"SP";"Sabino";-49.575546;-21.45934
5235;"SP";"Sagres";-50.959381;-21.88232
5236;"SP";"Sales";-49.489658;-21.342738
5237;"SP";"Sales Oliveira";-47.836873;-20.769612
5238;"SP";"Salesópolis";-45.84653;-23.528805
5239;"SP";"Salmourão";-50.861366;-21.626729
5240;"SP";"Saltinho";-47.675371;-22.844167
5241;"SP";"Salto";-47.293087;-23.199592
5243;"SP";"Salto Grande";-49.983134;-22.889389
5242;"SP";"Salto de Pirapora";-47.574322;-23.647387
5244;"SP";"Sandovalina";-51.764822;-22.455099
5245;"SP";"Santa Adélia";-48.80634;-21.242662
5246;"SP";"Santa Albertina";-50.729713;-20.031131
5248;"SP";"Santa Branca";-45.887521;-23.393311
5247;"SP";"Santa Bárbara d`Oeste";-47.414308;-22.755256
5249;"SP";"Santa Clara d`Oeste";-50.949109;-20.090041
5250;"SP";"Santa Cruz da Conceição";-47.451196;-22.140542
5251;"SP";"Santa Cruz da Esperança";-47.430381;-21.295065
5252;"SP";"Santa Cruz das Palmeiras";-47.248023;-21.823475
5253;"SP";"Santa Cruz do Rio Pardo";-49.635444;-22.89875
5254;"SP";"Santa Ernestina";-48.395317;-21.461769
5255;"SP";"Santa Fé do Sul";-50.931958;-20.208252
5256;"SP";"Santa Gertrudes";-47.52716;-22.457229
5257;"SP";"Santa Isabel";-46.223668;-23.317194
5258;"SP";"Santa Lúcia";-48.088469;-21.684982
5259;"SP";"Santa Maria da Serra";-48.159288;-22.566088
5260;"SP";"Santa Mercedes";-51.756353;-21.349521
5263;"SP";"Santa Rita d`Oeste";-50.835781;-20.141431
5264;"SP";"Santa Rita do Passa Quatro";-47.478;-21.708323
5265;"SP";"Santa Rosa de Viterbo";-47.362213;-21.477568
5266;"SP";"Santa Salete";-50.688717;-20.242918
5261;"SP";"Santana da Ponte Pensa";-50.801357;-20.252311
5262;"SP";"Santana de Parnaíba";-46.922215;-23.442514
5267;"SP";"Santo Anastácio";-51.652662;-21.974662
5268;"SP";"Santo André";-46.543154;-23.67373
5269;"SP";"Santo Antônio da Alegria";-47.146372;-21.086449
5270;"SP";"Santo Antônio de Posse";-46.91919;-22.602873
5271;"SP";"Santo Antônio do Aracanguá";-50.497979;-20.933114
5272;"SP";"Santo Antônio do Jardim";-46.684487;-22.112076
5273;"SP";"Santo Antônio do Pinhal";-45.663;-22.827
5274;"SP";"Santo Expedito";-51.392894;-21.846657
5276;"SP";"Santos";-46.335042;-23.953543
5275;"SP";"Santópolis do Aguapeí";-50.504372;-21.637574
5304;"SP";"Sarapuí";-47.824863;-23.63974
5305;"SP";"Sarutaiá";-49.476259;-23.272103
5306;"SP";"Sebastianópolis do Sul";-49.924997;-20.652323
5307;"SP";"Serra Azul";-47.560243;-21.307381
5309;"SP";"Serra Negra";-46.703271;-22.613941
5308;"SP";"Serrana";-47.595239;-21.204336
5310;"SP";"Sertãozinho";-47.987496;-21.131596
5311;"SP";"Sete Barras";-47.927943;-24.382048
5312;"SP";"Severínia";-48.80538;-20.810753
5313;"SP";"Silveiras";-44.852157;-22.66384
5314;"SP";"Socorro";-46.525118;-22.590264
5315;"SP";"Sorocaba";-47.445073;-23.496886
5316;"SP";"Sud Mennucci";-50.923783;-20.687225
5317;"SP";"Sumaré";-47.272823;-22.820416
5319;"SP";"Suzano";-46.311181;-23.544828
5318;"SP";"Suzanápolis";-51.026761;-20.49809
5277;"SP";"São Bento do Sapucaí";-45.728677;-22.683744
5278;"SP";"São Bernardo do Campo";-46.564617;-23.691412
5279;"SP";"São Caetano do Sul";-46.554797;-23.62287
5280;"SP";"São Carlos";-47.885971;-22.017395
5281;"SP";"São Francisco";-50.695151;-20.362291
5286;"SP";"São Joaquim da Barra";-47.859316;-20.581158
5287;"SP";"São José da Bela Vista";-47.642413;-20.593548
5288;"SP";"São José do Barreiro";-44.577437;-22.641353
5289;"SP";"São José do Rio Pardo";-46.887303;-21.595288
5290;"SP";"São José do Rio Preto";-49.375767;-20.811289
5291;"SP";"São José dos Campos";-45.884115;-23.189554
5282;"SP";"São João da Boa Vista";-46.794356;-21.970747
5283;"SP";"São João das Duas Pontes";-50.379149;-20.387857
5284;"SP";"São João de Iracema";-50.356069;-20.511059
5285;"SP";"São João do Pau d`Alho";-51.667172;-21.266249
5292;"SP";"São Lourenço da Serra";-46.94316;-23.849134
5293;"SP";"São Luiz do Paraitinga";-45.30899;-23.220521
5294;"SP";"São Manuel";-48.572316;-22.732081
5295;"SP";"São Miguel Arcanjo";-47.993549;-23.878197
5296;"SP";"São Paulo";-46.63952;-23.532905
5297;"SP";"São Pedro";-47.909579;-22.548256
5298;"SP";"São Pedro do Turvo";-49.742829;-22.745286
5299;"SP";"São Roque";-47.13567;-23.522598
5300;"SP";"São Sebastião";-45.414314;-23.795059
5301;"SP";"São Sebastião da Grama";-46.820753;-21.704109
5302;"SP";"São Simão";-47.551755;-21.473171
5303;"SP";"São Vicente";-46.388333;-23.957353
5320;"SP";"Tabapuã";-49.03074;-20.960171
5321;"SP";"Tabatinga";-48.689577;-21.723863
5322;"SP";"Taboão da Serra";-46.752637;-23.601867
5323;"SP";"Taciba";-51.288221;-22.386577
5324;"SP";"Taguaí";-49.402377;-23.445242
5325;"SP";"Taiaçu";-48.511203;-21.143144
5326;"SP";"Taiúva";-48.452816;-21.122333
5327;"SP";"Tambaú";-47.270344;-21.70292
5328;"SP";"Tanabi";-49.656319;-20.62279
5330;"SP";"Tapiratiba";-46.744825;-21.471324
5329;"SP";"Tapiraí";-47.506248;-23.961157
5331;"SP";"Taquaral";-48.412553;-21.07373
5332;"SP";"Taquaritinga";-48.510345;-21.404861
5333;"SP";"Taquarituba";-49.240954;-23.530709
5334;"SP";"Taquarivaí";-48.694769;-23.921116
5335;"SP";"Tarabai";-51.562133;-22.301612
5336;"SP";"Tarumã";-50.57862;-22.742873
5337;"SP";"Tatuí";-47.84612;-23.348731
5338;"SP";"Taubaté";-45.55926;-23.010414
5339;"SP";"Tejupá";-49.372244;-23.342458
5340;"SP";"Teodoro Sampaio";-52.168175;-22.529936
5341;"SP";"Terra Roxa";-48.331442;-20.787015
5342;"SP";"Tietê";-47.716378;-23.110098
5343;"SP";"Timburi";-49.609583;-23.205674
5344;"SP";"Torre de Pedra";-48.195507;-23.246173
5345;"SP";"Torrinha";-48.17314;-22.423721
5346;"SP";"Trabiju";-48.334168;-22.038783
5347;"SP";"Tremembé";-45.547526;-22.95714
5348;"SP";"Três Fronteiras";-50.890528;-20.234355
5349;"SP";"Tuiuti";-46.693746;-22.819324
5351;"SP";"Tupi Paulista";-51.575004;-21.382455
5350;"SP";"Tupã";-50.519113;-21.933528
5352;"SP";"Turiúba";-50.11349;-20.942758
5353;"SP";"Turmalina";-50.479198;-20.048588
5354;"SP";"Ubarana";-49.719765;-21.164965
5355;"SP";"Ubatuba";-45.083415;-23.433162
5356;"SP";"Ubirajara";-49.66126;-22.527208
5357;"SP";"Uchoa";-49.171295;-20.951106
5358;"SP";"União Paulista";-49.902509;-20.886227
5360;"SP";"Uru";-49.284846;-21.786641
5361;"SP";"Urupês";-49.293103;-21.203207
5359;"SP";"Urânia";-50.645498;-20.245461
5362;"SP";"Valentim Gentil";-50.088928;-20.421681
5363;"SP";"Valinhos";-46.997367;-22.969805
5364;"SP";"Valparaíso";-50.869874;-21.222929
5365;"SP";"Vargem";-46.412447;-22.887046
5367;"SP";"Vargem Grande Paulista";-47.022038;-23.599338
5366;"SP";"Vargem Grande do Sul";-46.891286;-21.832194
5369;"SP";"Vera Cruz";-49.820735;-22.218308
5370;"SP";"Vinhedo";-46.983312;-23.030184
5371;"SP";"Viradouro";-48.292974;-20.873382
5372;"SP";"Vista Alegre do Alto";-48.628383;-21.169222
5373;"SP";"Vitória Brasil";-50.487452;-20.195582
5374;"SP";"Votorantim";-47.438753;-23.54459
5375;"SP";"Votuporanga";-49.978112;-20.423659
5368;"SP";"Várzea Paulista";-46.823444;-23.213582
5376;"SP";"Zacarias";-50.055222;-21.050554
4735;"SP";"Águas da Prata";-46.717622;-21.931935
4736;"SP";"Águas de Lindóia";-46.631441;-22.473305
4737;"SP";"Águas de Santa Bárbara";-49.242133;-22.881186
4738;"SP";"Águas de São Pedro";-47.873395;-22.597749
4746;"SP";"Álvares Florence";-49.914126;-20.320341
4747;"SP";"Álvares Machado";-51.47224;-22.076415
4748;"SP";"Álvaro de Carvalho";-49.719044;-22.084132
5115;"SP";"Óleo";-49.341924;-22.943461